964742,57190,פארן - כביש הערבה,PARAN - ARAVA ROAD,2010/2011,24/01/2011 12:00:00,82.43,0,מדודים,תקין,התחלת קטע
964743,57190,פארן - כביש הערבה,PARAN - ARAVA ROAD,2010/2011,05/04/2011 01:15:00,82.43,0,משוחזרים,גאות,נקודה פנימית
964744,57190,פארן - כביש הערבה,PARAN - ARAVA ROAD,2010/2011,05/04/2011 01:29:00,82.53,0.09,משוחזרים,גאות,נקודה פנימית
964745,57190,פארן - כביש הערבה,PARAN - ARAVA ROAD,2010/2011,05/04/2011 01:51:00,82.66,0.784,מדודים,גאות,נקודה פנימית
964746,57190,פארן - כביש הערבה,PARAN - ARAVA ROAD,2010/2011,05/04/2011 02:01:00,82.74,1.58,מדודים,גאות,נקודה פנימית
964747,57190,פארן - כביש הערבה,PARAN - ARAVA ROAD,2010/2011,05/04/2011 02:49:00,82.74,1.58,מדודים,גאות,נקודה פנימית
964748,57190,פארן - כביש הערבה,PARAN - ARAVA ROAD,2010/2011,05/04/2011 04:21:00,82.6,0.391,משוחזרים,גאות,נקודה פנימית
964749,57190,פארן - כביש הערבה,PARAN - ARAVA ROAD,2010/2011,05/04/2011 05:06:00,82.58,0.305,משוחזרים,גאות,נקודה פנימית
964750,57190,פארן - כביש הערבה,PARAN - ARAVA ROAD,2010/2011,05/04/2011 06:38:00,82.56,0.219,משוחזרים,גאות,נקודה פנימית
964751,57190,פארן - כביש הערבה,PARAN - ARAVA ROAD,2010/2011,05/04/2011 07:48:00,82.52,0.081,משוחזרים,גאות,נקודה פנימית
964752,57190,פארן - כביש הערבה,PARAN - ARAVA ROAD,2010/2011,05/04/2011 08:59:00,82.49,0.054,משוחזרים,גאות,נקודה פנימית
964753,57190,פארן - כביש הערבה,PARAN - ARAVA ROAD,2010/2011,05/04/2011 10:18:00,82.45,0.018,משוחזרים,גאות,נקודה פנימית
964754,57190,פארן - כביש הערבה,PARAN - ARAVA ROAD,2010/2011,05/04/2011 11:13:00,82.45,0.018,משוחזרים,גאות,נקודה פנימית
964755,57190,פארן - כביש הערבה,PARAN - ARAVA ROAD,2010/2011,05/04/2011 12:00:00,82.43,0,משוחזרים,גאות,סיום קטע
964756,57190,פארן - כביש הערבה,PARAN - ARAVA ROAD,2010/2011,05/04/2011 12:00:00,82.43,0,מדודים,תקין,התחלת קטע
964757,57190,פארן - כביש הערבה,PARAN - ARAVA ROAD,2010/2011,30/04/2011 19:50:00,82.43,0,משוחזרים,גאות,נקודה פנימית
964758,57190,פארן - כביש הערבה,PARAN - ARAVA ROAD,2010/2011,30/04/2011 20:05:00,82.73,1.4,מדודים,גאות,נקודה פנימית
964759,57190,פארן - כביש הערבה,PARAN - ARAVA ROAD,2010/2011,30/04/2011 20:35:00,82.71,1.224,מדודים,גאות,נקודה פנימית
964760,57190,פארן - כביש הערבה,PARAN - ARAVA ROAD,2010/2011,30/04/2011 21:11:00,82.76,1.94,מדודים,גאות,נקודה פנימית
964761,57190,פארן - כביש הערבה,PARAN - ARAVA ROAD,2010/2011,30/04/2011 21:29:00,82.78,2.3,מדודים,גאות,נקודה פנימית
964762,57190,פארן - כביש הערבה,PARAN - ARAVA ROAD,2010/2011,30/04/2011 21:52:00,82.78,2.3,מדודים,גאות,נקודה פנימית
964763,57190,פארן - כביש הערבה,PARAN - ARAVA ROAD,2010/2011,30/04/2011 22:14:00,82.78,2.3,מדודים,גאות,נקודה פנימית
964764,57190,פארן - כביש הערבה,PARAN - ARAVA ROAD,2010/2011,30/04/2011 22:35:00,82.77,2.12,מדודים,גאות,נקודה פנימית
964765,57190,פארן - כביש הערבה,PARAN - ARAVA ROAD,2010/2011,30/04/2011 23:30:00,82.75,1.76,מדודים,גאות,נקודה פנימית
964766,57190,פארן - כביש הערבה,PARAN - ARAVA ROAD,2010/2011,01/05/2011 00:20:00,82.73,1.4,מדודים,גאות,נקודה פנימית
964767,57190,פארן - כביש הערבה,PARAN - ARAVA ROAD,2010/2011,01/05/2011 02:20:00,82.72,1.312,מדודים,גאות,נקודה פנימית
964768,57190,פארן - כביש הערבה,PARAN - ARAVA ROAD,2010/2011,01/05/2011 05:35:00,82.65,0.696,משוחזרים,גאות,נקודה פנימית
964769,57190,פארן - כביש הערבה,PARAN - ARAVA ROAD,2010/2011,01/05/2011 07:39:00,82.57,0.262,משוחזרים,גאות,נקודה פנימית
964770,57190,פארן - כביש הערבה,PARAN - ARAVA ROAD,2010/2011,01/05/2011 10:09:00,82.52,0.081,משוחזרים,גאות,נקודה פנימית
964771,57190,פארן - כביש הערבה,PARAN - ARAVA ROAD,2010/2011,01/05/2011 11:39:00,82.52,0.081,מדודים,גאות,נקודה פנימית
964772,57190,פארן - כביש הערבה,PARAN - ARAVA ROAD,2010/2011,01/05/2011 12:02:00,82.55,0.176,מדודים,גאות,נקודה פנימית
964773,57190,פארן - כביש הערבה,PARAN - ARAVA ROAD,2010/2011,01/05/2011 12:40:00,82.5,0.063,מדודים,גאות,נקודה פנימית
964774,57190,פארן - כביש הערבה,PARAN - ARAVA ROAD,2010/2011,01/05/2011 12:50:00,82.51,0.072,מדודים,גאות,נקודה פנימית
964775,57190,פארן - כביש הערבה,PARAN - ARAVA ROAD,2010/2011,01/05/2011 13:50:00,82.47,0.036,משוחזרים,גאות,נקודה פנימית
964776,57190,פארן - כביש הערבה,PARAN - ARAVA ROAD,2010/2011,01/05/2011 16:35:00,82.45,0.018,משוחזרים,גאות,נקודה פנימית
964777,57190,פארן - כביש הערבה,PARAN - ARAVA ROAD,2010/2011,01/05/2011 22:22:00,82.43,0,משוחזרים,גאות,נקודה פנימית
964778,57190,פארן - כביש הערבה,PARAN - ARAVA ROAD,2010/2011,23/05/2011 14:55:00,82.43,0,מדודים,תקין,סיום קטע
964779,57190,פארן - כביש הערבה,PARAN - ARAVA ROAD,2011/2012,01/10/2011 00:00:00,82.43,0,מדודים,תקין,התחלת קטע
964780,57190,פארן - כביש הערבה,PARAN - ARAVA ROAD,2011/2012,14/08/2012 12:00:00,82.43,0,מדודים,תקין,סיום קטע
964781,57190,פארן - כביש הערבה,PARAN - ARAVA ROAD,2011/2012,14/08/2012 12:00:00,82.43,0,מדודים,תקין,התחלת קטע
964782,57190,פארן - כביש הערבה,PARAN - ARAVA ROAD,2012/2013,01/10/2012 01:36:00,82.43,0,משוחזרים,גאות,נקודה פנימית
964783,57190,פארן - כביש הערבה,PARAN - ARAVA ROAD,2012/2013,01/10/2012 03:48:00,82.71,1.224,מדודים,גאות,נקודה פנימית
964784,57190,פארן - כביש הערבה,PARAN - ARAVA ROAD,2012/2013,01/10/2012 04:36:00,82.83,3.2,מדודים,גאות,נקודה פנימית
964785,57190,פארן - כביש הערבה,PARAN - ARAVA ROAD,2012/2013,01/10/2012 05:00:00,82.83,3.2,מדודים,גאות,נקודה פנימית
964786,57190,פארן - כביש הערבה,PARAN - ARAVA ROAD,2012/2013,01/10/2012 05:06:00,82.82,3.02,מדודים,גאות,נקודה פנימית
964787,57190,פארן - כביש הערבה,PARAN - ARAVA ROAD,2012/2013,01/10/2012 05:30:00,82.8,2.66,מדודים,גאות,נקודה פנימית
964788,57190,פארן - כביש הערבה,PARAN - ARAVA ROAD,2012/2013,01/10/2012 06:43:00,82.89,5.12,מדודים,גאות,נקודה פנימית
964789,57190,פארן - כביש הערבה,PARAN - ARAVA ROAD,2012/2013,01/10/2012 06:54:00,82.88,4.8,מדודים,גאות,נקודה פנימית
964790,57190,פארן - כביש הערבה,PARAN - ARAVA ROAD,2012/2013,01/10/2012 07:30:00,82.87,4.48,מדודים,גאות,נקודה פנימית
964791,57190,פארן - כביש הערבה,PARAN - ARAVA ROAD,2012/2013,01/10/2012 08:12:00,82.85,3.84,מדודים,גאות,נקודה פנימית
964792,57190,פארן - כביש הערבה,PARAN - ARAVA ROAD,2012/2013,01/10/2012 10:00:00,82.78,2.3,מדודים,גאות,נקודה פנימית
964793,57190,פארן - כביש הערבה,PARAN - ARAVA ROAD,2012/2013,01/10/2012 10:24:00,82.78,2.3,מדודים,גאות,נקודה פנימית
964794,57190,פארן - כביש הערבה,PARAN - ARAVA ROAD,2012/2013,01/10/2012 11:24:00,82.74,1.58,מדודים,גאות,נקודה פנימית
964795,57190,פארן - כביש הערבה,PARAN - ARAVA ROAD,2012/2013,01/10/2012 13:12:00,82.73,1.4,מדודים,גאות,נקודה פנימית
964796,57190,פארן - כביש הערבה,PARAN - ARAVA ROAD,2012/2013,01/10/2012 16:12:00,82.69,1.048,מדודים,גאות,נקודה פנימית
964797,57190,פארן - כביש הערבה,PARAN - ARAVA ROAD,2012/2013,01/10/2012 16:30:00,82.69,1.048,מדודים,גאות,נקודה פנימית
964798,57190,פארן - כביש הערבה,PARAN - ARAVA ROAD,2012/2013,01/10/2012 17:55:00,82.66,0.784,מדודים,גאות,נקודה פנימית
964799,57190,פארן - כביש הערבה,PARAN - ARAVA ROAD,2012/2013,02/10/2012 01:07:00,82.48,0.045,משוחזרים,גאות,נקודה פנימית
964800,57190,פארן - כביש הערבה,PARAN - ARAVA ROAD,2012/2013,02/10/2012 02:36:00,82.45,0.018,משוחזרים,גאות,נקודה פנימית
964801,57190,פארן - כביש הערבה,PARAN - ARAVA ROAD,2012/2013,02/10/2012 05:48:00,82.43,0,משוחזרים,גאות,נקודה פנימית
964802,57190,פארן - כביש הערבה,PARAN - ARAVA ROAD,2012/2013,02/10/2012 08:36:00,82.43,0,משוחזרים,גאות,נקודה פנימית
964803,57190,פארן - כביש הערבה,PARAN - ARAVA ROAD,2012/2013,03/10/2012 13:48:00,82.43,0,מדודים,תקין,סיום קטע
964804,57190,פארן - כביש הערבה,PARAN - ARAVA ROAD,2012/2013,10/12/2012 16:00:00,82.43,0,מדודים,תקין,התחלת קטע
964805,57190,פארן - כביש הערבה,PARAN - ARAVA ROAD,2012/2013,06/02/2013 00:15:00,82.43,0,מדודים,גאות,נקודה פנימית
964806,57190,פארן - כביש הערבה,PARAN - ARAVA ROAD,2012/2013,06/02/2013 03:54:00,82.43,0,משוחזרים,גאות,נקודה פנימית
964807,57190,פארן - כביש הערבה,PARAN - ARAVA ROAD,2012/2013,06/02/2013 05:15:00,82.63,0.52,משוחזרים,גאות,נקודה פנימית
964808,57190,פארן - כביש הערבה,PARAN - ARAVA ROAD,2012/2013,06/02/2013 05:30:00,82.63,0.52,משוחזרים,גאות,נקודה פנימית
964809,57190,פארן - כביש הערבה,PARAN - ARAVA ROAD,2012/2013,06/02/2013 06:05:00,82.63,0.52,משוחזרים,גאות,נקודה פנימית
964810,57190,פארן - כביש הערבה,PARAN - ARAVA ROAD,2012/2013,06/02/2013 07:15:00,82.65,0.696,משוחזרים,גאות,נקודה פנימית
964811,57190,פארן - כביש הערבה,PARAN - ARAVA ROAD,2012/2013,06/02/2013 07:54:00,82.68,0.96,מדודים,גאות,נקודה פנימית
964812,57190,פארן - כביש הערבה,PARAN - ARAVA ROAD,2012/2013,06/02/2013 08:42:00,82.68,0.96,מדודים,גאות,נקודה פנימית
964813,57190,פארן - כביש הערבה,PARAN - ARAVA ROAD,2012/2013,06/02/2013 09:48:00,82.68,0.96,מדודים,גאות,נקודה פנימית
964814,57190,פארן - כביש הערבה,PARAN - ARAVA ROAD,2012/2013,06/02/2013 10:48:00,82.68,0.96,מדודים,גאות,נקודה פנימית
964815,57190,פארן - כביש הערבה,PARAN - ARAVA ROAD,2012/2013,06/02/2013 11:35:00,82.68,0.96,מדודים,גאות,נקודה פנימית
964816,57190,פארן - כביש הערבה,PARAN - ARAVA ROAD,2012/2013,06/02/2013 12:05:00,82.68,0.96,מדודים,גאות,נקודה פנימית
964817,57190,פארן - כביש הערבה,PARAN - ARAVA ROAD,2012/2013,06/02/2013 13:05:00,82.68,0.96,מדודים,גאות,נקודה פנימית
964818,57190,פארן - כביש הערבה,PARAN - ARAVA ROAD,2012/2013,06/02/2013 13:47:00,82.68,0.96,מדודים,גאות,נקודה פנימית
964819,57190,פארן - כביש הערבה,PARAN - ARAVA ROAD,2012/2013,06/02/2013 14:29:00,82.68,0.96,מדודים,גאות,נקודה פנימית
964820,57190,פארן - כביש הערבה,PARAN - ARAVA ROAD,2012/2013,06/02/2013 14:59:00,82.68,0.96,מדודים,גאות,נקודה פנימית
964821,57190,פארן - כביש הערבה,PARAN - ARAVA ROAD,2012/2013,06/02/2013 15:23:00,82.67,0.872,מדודים,גאות,נקודה פנימית
964822,57190,פארן - כביש הערבה,PARAN - ARAVA ROAD,2012/2013,06/02/2013 16:59:00,82.65,0.696,משוחזרים,גאות,נקודה פנימית
964823,57190,פארן - כביש הערבה,PARAN - ARAVA ROAD,2012/2013,06/02/2013 17:53:00,82.62,0.477,משוחזרים,גאות,נקודה פנימית
964824,57190,פארן - כביש הערבה,PARAN - ARAVA ROAD,2012/2013,06/02/2013 19:35:00,82.59,0.348,משוחזרים,גאות,נקודה פנימית
964825,57190,פארן - כביש הערבה,PARAN - ARAVA ROAD,2012/2013,06/02/2013 19:53:00,82.54,0.133,משוחזרים,גאות,נקודה פנימית
964826,57190,פארן - כביש הערבה,PARAN - ARAVA ROAD,2012/2013,06/02/2013 20:28:00,82.49,0.054,משוחזרים,גאות,נקודה פנימית
964827,57190,פארן - כביש הערבה,PARAN - ARAVA ROAD,2012/2013,06/02/2013 20:46:00,82.48,0.045,משוחזרים,גאות,נקודה פנימית
964828,57190,פארן - כביש הערבה,PARAN - ARAVA ROAD,2012/2013,06/02/2013 22:10:00,82.46,0.027,משוחזרים,גאות,נקודה פנימית
964829,57190,פארן - כביש הערבה,PARAN - ARAVA ROAD,2012/2013,06/02/2013 22:34:00,82.44,0.009,משוחזרים,גאות,נקודה פנימית
964830,57190,פארן - כביש הערבה,PARAN - ARAVA ROAD,2012/2013,06/02/2013 23:10:00,82.43,0,משוחזרים,גאות,נקודה פנימית
964831,57190,פארן - כביש הערבה,PARAN - ARAVA ROAD,2012/2013,06/02/2013 23:46:00,82.43,0,משוחזרים,גאות,סיום קטע
964832,57190,פארן - כביש הערבה,PARAN - ARAVA ROAD,2013/2014,09/10/2013 16:00:00,82.43,0,מדודים,תקין,התחלת קטע
964833,57190,פארן - כביש הערבה,PARAN - ARAVA ROAD,2013/2014,19/11/2013 00:40:00,82.43,0,מדודים,גאות,נקודה פנימית
964834,57190,פארן - כביש הערבה,PARAN - ARAVA ROAD,2013/2014,19/11/2013 00:59:00,82.77,2.12,מדודים,גאות,נקודה פנימית
964835,57190,פארן - כביש הערבה,PARAN - ARAVA ROAD,2013/2014,19/11/2013 01:02:00,82.9,5.44,מדודים,גאות,נקודה פנימית
964836,57190,פארן - כביש הערבה,PARAN - ARAVA ROAD,2013/2014,19/11/2013 01:06:00,82.91,5.76,מדודים,גאות,נקודה פנימית
964837,57190,פארן - כביש הערבה,PARAN - ARAVA ROAD,2013/2014,19/11/2013 01:15:00,82.92,6.08,מדודים,גאות,נקודה פנימית
964838,57190,פארן - כביש הערבה,PARAN - ARAVA ROAD,2013/2014,19/11/2013 01:25:00,82.92,6.08,מדודים,גאות,נקודה פנימית
964839,57190,פארן - כביש הערבה,PARAN - ARAVA ROAD,2013/2014,19/11/2013 01:31:00,82.93,6.4,מדודים,גאות,נקודה פנימית
964840,57190,פארן - כביש הערבה,PARAN - ARAVA ROAD,2013/2014,19/11/2013 01:33:00,82.93,6.4,מדודים,גאות,נקודה פנימית
964841,57190,פארן - כביש הערבה,PARAN - ARAVA ROAD,2013/2014,19/11/2013 01:47:00,82.92,6.08,מדודים,גאות,נקודה פנימית
964842,57190,פארן - כביש הערבה,PARAN - ARAVA ROAD,2013/2014,19/11/2013 01:53:00,82.9,5.44,מדודים,גאות,נקודה פנימית
964843,57190,פארן - כביש הערבה,PARAN - ARAVA ROAD,2013/2014,19/11/2013 01:57:00,82.91,5.76,מדודים,גאות,נקודה פנימית
964844,57190,פארן - כביש הערבה,PARAN - ARAVA ROAD,2013/2014,19/11/2013 02:02:00,82.91,5.76,מדודים,גאות,נקודה פנימית
964845,57190,פארן - כביש הערבה,PARAN - ARAVA ROAD,2013/2014,19/11/2013 02:15:00,82.9,5.44,מדודים,גאות,נקודה פנימית
964846,57190,פארן - כביש הערבה,PARAN - ARAVA ROAD,2013/2014,19/11/2013 02:24:00,82.91,5.76,מדודים,גאות,נקודה פנימית
964847,57190,פארן - כביש הערבה,PARAN - ARAVA ROAD,2013/2014,19/11/2013 02:31:00,82.89,5.12,מדודים,גאות,נקודה פנימית
964848,57190,פארן - כביש הערבה,PARAN - ARAVA ROAD,2013/2014,19/11/2013 02:35:00,82.9,5.44,מדודים,גאות,נקודה פנימית
964849,57190,פארן - כביש הערבה,PARAN - ARAVA ROAD,2013/2014,19/11/2013 02:42:00,82.89,5.12,מדודים,גאות,נקודה פנימית
964850,57190,פארן - כביש הערבה,PARAN - ARAVA ROAD,2013/2014,19/11/2013 02:42:47,82.89,5.12,מדודים,גאות,נקודה פנימית
964851,57190,פארן - כביש הערבה,PARAN - ARAVA ROAD,2013/2014,19/11/2013 02:56:00,82.89,5.12,מדודים,גאות,נקודה פנימית
964852,57190,פארן - כביש הערבה,PARAN - ARAVA ROAD,2013/2014,19/11/2013 03:00:00,82.88,4.8,מדודים,גאות,נקודה פנימית
964853,57190,פארן - כביש הערבה,PARAN - ARAVA ROAD,2013/2014,19/11/2013 03:10:00,82.87,4.48,מדודים,גאות,נקודה פנימית
964854,57190,פארן - כביש הערבה,PARAN - ARAVA ROAD,2013/2014,19/11/2013 03:19:00,82.87,4.48,מדודים,גאות,נקודה פנימית
964855,57190,פארן - כביש הערבה,PARAN - ARAVA ROAD,2013/2014,19/11/2013 03:24:00,82.87,4.48,מדודים,גאות,נקודה פנימית
964856,57190,פארן - כביש הערבה,PARAN - ARAVA ROAD,2013/2014,19/11/2013 03:35:00,82.85,3.84,מדודים,גאות,נקודה פנימית
964857,57190,פארן - כביש הערבה,PARAN - ARAVA ROAD,2013/2014,19/11/2013 03:45:00,82.85,3.84,מדודים,גאות,נקודה פנימית
964858,57190,פארן - כביש הערבה,PARAN - ARAVA ROAD,2013/2014,19/11/2013 03:53:00,82.84,3.52,מדודים,גאות,נקודה פנימית
964859,57190,פארן - כביש הערבה,PARAN - ARAVA ROAD,2013/2014,19/11/2013 04:09:00,82.83,3.2,מדודים,גאות,נקודה פנימית
964860,57190,פארן - כביש הערבה,PARAN - ARAVA ROAD,2013/2014,19/11/2013 04:17:00,82.83,3.2,מדודים,גאות,נקודה פנימית
964861,57190,פארן - כביש הערבה,PARAN - ARAVA ROAD,2013/2014,19/11/2013 04:35:00,82.82,3.02,מדודים,גאות,נקודה פנימית
964862,57190,פארן - כביש הערבה,PARAN - ARAVA ROAD,2013/2014,19/11/2013 04:40:00,82.81,2.84,מדודים,גאות,נקודה פנימית
964863,57190,פארן - כביש הערבה,PARAN - ARAVA ROAD,2013/2014,19/11/2013 04:45:00,82.81,2.84,מדודים,גאות,נקודה פנימית
964864,57190,פארן - כביש הערבה,PARAN - ARAVA ROAD,2013/2014,19/11/2013 04:57:00,82.8,2.66,מדודים,גאות,נקודה פנימית
964865,57190,פארן - כביש הערבה,PARAN - ARAVA ROAD,2013/2014,19/11/2013 05:04:00,82.8,2.66,מדודים,גאות,נקודה פנימית
964866,57190,פארן - כביש הערבה,PARAN - ARAVA ROAD,2013/2014,19/11/2013 05:10:00,82.8,2.66,מדודים,גאות,נקודה פנימית
964867,57190,פארן - כביש הערבה,PARAN - ARAVA ROAD,2013/2014,19/11/2013 05:23:00,82.79,2.48,מדודים,גאות,נקודה פנימית
964868,57190,פארן - כביש הערבה,PARAN - ARAVA ROAD,2013/2014,19/11/2013 05:28:00,82.8,2.66,מדודים,גאות,נקודה פנימית
964869,57190,פארן - כביש הערבה,PARAN - ARAVA ROAD,2013/2014,19/11/2013 07:23:00,82.79,2.48,מדודים,גאות,נקודה פנימית
964870,57190,פארן - כביש הערבה,PARAN - ARAVA ROAD,2013/2014,19/11/2013 10:05:00,82.79,2.48,מדודים,גאות,נקודה פנימית
964871,57190,פארן - כביש הערבה,PARAN - ARAVA ROAD,2013/2014,19/11/2013 12:00:00,82.78,2.3,מדודים,גאות,נקודה פנימית
964872,57190,פארן - כביש הערבה,PARAN - ARAVA ROAD,2013/2014,19/11/2013 15:35:00,82.76,1.94,מדודים,גאות,נקודה פנימית
964873,57190,פארן - כביש הערבה,PARAN - ARAVA ROAD,2013/2014,19/11/2013 16:42:00,82.75,1.76,מדודים,גאות,נקודה פנימית
964874,57190,פארן - כביש הערבה,PARAN - ARAVA ROAD,2013/2014,19/11/2013 17:10:00,82.74,1.58,מדודים,גאות,נקודה פנימית
964875,57190,פארן - כביש הערבה,PARAN - ARAVA ROAD,2013/2014,19/11/2013 17:20:00,82.74,1.58,מדודים,גאות,נקודה פנימית
964876,57190,פארן - כביש הערבה,PARAN - ARAVA ROAD,2013/2014,19/11/2013 17:42:00,82.73,1.4,מדודים,גאות,נקודה פנימית
964877,57190,פארן - כביש הערבה,PARAN - ARAVA ROAD,2013/2014,19/11/2013 17:57:00,82.73,1.4,מדודים,גאות,נקודה פנימית
964878,57190,פארן - כביש הערבה,PARAN - ARAVA ROAD,2013/2014,19/11/2013 18:07:00,82.72,1.312,מדודים,גאות,נקודה פנימית
964879,57190,פארן - כביש הערבה,PARAN - ARAVA ROAD,2013/2014,19/11/2013 18:24:00,82.75,1.76,מדודים,גאות,נקודה פנימית
964880,57190,פארן - כביש הערבה,PARAN - ARAVA ROAD,2013/2014,19/11/2013 18:37:00,82.71,1.224,מדודים,גאות,נקודה פנימית
964881,57190,פארן - כביש הערבה,PARAN - ARAVA ROAD,2013/2014,19/11/2013 19:05:00,82.7,1.136,מדודים,גאות,נקודה פנימית
964882,57190,פארן - כביש הערבה,PARAN - ARAVA ROAD,2013/2014,19/11/2013 19:14:00,82.76,1.94,מדודים,גאות,נקודה פנימית
964883,57190,פארן - כביש הערבה,PARAN - ARAVA ROAD,2013/2014,19/11/2013 19:40:00,82.72,1.312,מדודים,גאות,נקודה פנימית
964884,57190,פארן - כביש הערבה,PARAN - ARAVA ROAD,2013/2014,19/11/2013 20:15:00,82.7,1.136,מדודים,גאות,נקודה פנימית
964885,57190,פארן - כביש הערבה,PARAN - ARAVA ROAD,2013/2014,19/11/2013 21:20:00,82.68,0.96,מדודים,גאות,נקודה פנימית
964886,57190,פארן - כביש הערבה,PARAN - ARAVA ROAD,2013/2014,19/11/2013 23:35:00,82.56,0.219,משוחזרים,גאות,נקודה פנימית
964887,57190,פארן - כביש הערבה,PARAN - ARAVA ROAD,2013/2014,20/11/2013 02:38:00,82.46,0.027,משוחזרים,גאות,נקודה פנימית
964888,57190,פארן - כביש הערבה,PARAN - ARAVA ROAD,2013/2014,20/11/2013 04:55:00,82.44,0.009,משוחזרים,גאות,נקודה פנימית
964889,57190,פארן - כביש הערבה,PARAN - ARAVA ROAD,2013/2014,20/11/2013 07:55:00,82.43,0,משוחזרים,גאות,נקודה פנימית
964890,57190,פארן - כביש הערבה,PARAN - ARAVA ROAD,2013/2014,25/11/2013 09:30:00,82.43,0,מדודים,תקין,סיום קטע
964891,57190,פארן - כביש הערבה,PARAN - ARAVA ROAD,2013/2014,16/02/2014 00:00:00,82.43,0,משוחזרים,גאות,התחלת קטע
964892,57190,פארן - כביש הערבה,PARAN - ARAVA ROAD,2013/2014,16/02/2014 16:00:00,82.43,0,משוחזרים,גאות,נקודה פנימית
964893,57190,פארן - כביש הערבה,PARAN - ARAVA ROAD,2013/2014,16/02/2014 17:00:00,82.79,2.48,משוחזרים,גאות,נקודה פנימית
964894,57190,פארן - כביש הערבה,PARAN - ARAVA ROAD,2013/2014,16/02/2014 20:00:00,82.65,0.696,משוחזרים,גאות,נקודה פנימית
964895,57190,פארן - כביש הערבה,PARAN - ARAVA ROAD,2013/2014,16/02/2014 23:59:00,82.5,0.063,משוחזרים,גאות,נקודה פנימית
964896,57190,פארן - כביש הערבה,PARAN - ARAVA ROAD,2013/2014,17/02/2014 10:00:00,82.43,0,משוחזרים,גאות,נקודה פנימית
964897,57190,פארן - כביש הערבה,PARAN - ARAVA ROAD,2013/2014,17/02/2014 12:00:00,82.43,0,משוחזרים,גאות,סיום קטע
964898,57190,פארן - כביש הערבה,PARAN - ARAVA ROAD,2013/2014,18/02/2014 14:00:00,82.56,0,מדודים,תקין,התחלת קטע
964899,57190,פארן - כביש הערבה,PARAN - ARAVA ROAD,2013/2014,10/03/2014 01:40:00,82.56,0,מדודים,גאות,נקודה פנימית
964900,57190,פארן - כביש הערבה,PARAN - ARAVA ROAD,2013/2014,10/03/2014 02:00:00,82.96,16.319,מדודים,גאות,נקודה פנימית
964901,57190,פארן - כביש הערבה,PARAN - ARAVA ROAD,2013/2014,10/03/2014 02:05:00,82.97,17.485,מדודים,גאות,נקודה פנימית
964902,57190,פארן - כביש הערבה,PARAN - ARAVA ROAD,2013/2014,10/03/2014 02:20:00,83,20.981,מדודים,גאות,נקודה פנימית
964903,57190,פארן - כביש הערבה,PARAN - ARAVA ROAD,2013/2014,10/03/2014 02:39:00,83.04,25.644,מדודים,גאות,נקודה פנימית
964904,57190,פארן - כביש הערבה,PARAN - ARAVA ROAD,2013/2014,10/03/2014 02:55:00,83.03,24.478,מדודים,גאות,נקודה פנימית
964905,57190,פארן - כביש הערבה,PARAN - ARAVA ROAD,2013/2014,10/03/2014 03:03:00,83.04,25.644,מדודים,גאות,נקודה פנימית
964906,57190,פארן - כביש הערבה,PARAN - ARAVA ROAD,2013/2014,10/03/2014 03:10:00,83.02,23.313,מדודים,גאות,נקודה פנימית
964907,57190,פארן - כביש הערבה,PARAN - ARAVA ROAD,2013/2014,10/03/2014 03:45:00,82.84,7.758,מדודים,גאות,נקודה פנימית
964908,57190,פארן - כביש הערבה,PARAN - ARAVA ROAD,2013/2014,10/03/2014 03:55:00,82.83,7.244,מדודים,גאות,נקודה פנימית
964909,57190,פארן - כביש הערבה,PARAN - ARAVA ROAD,2013/2014,10/03/2014 04:35:00,82.79,5.186,מדודים,גאות,נקודה פנימית
964910,57190,פארן - כביש הערבה,PARAN - ARAVA ROAD,2013/2014,10/03/2014 04:56:00,82.9,11.8,מדודים,גאות,נקודה פנימית
964911,57190,פארן - כביש הערבה,PARAN - ARAVA ROAD,2013/2014,10/03/2014 05:13:00,82.88,10.293,מדודים,גאות,נקודה פנימית
964912,57190,פארן - כביש הערבה,PARAN - ARAVA ROAD,2013/2014,10/03/2014 05:20:00,82.93,14.059,מדודים,גאות,נקודה פנימית
964913,57190,פארן - כביש הערבה,PARAN - ARAVA ROAD,2013/2014,10/03/2014 05:25:00,82.95,15.566,מדודים,גאות,נקודה פנימית
964914,57190,פארן - כביש הערבה,PARAN - ARAVA ROAD,2013/2014,10/03/2014 05:33:00,82.99,19.816,מדודים,גאות,נקודה פנימית
964915,57190,פארן - כביש הערבה,PARAN - ARAVA ROAD,2013/2014,10/03/2014 05:41:00,82.89,11.047,מדודים,גאות,נקודה פנימית
964916,57190,פארן - כביש הערבה,PARAN - ARAVA ROAD,2013/2014,10/03/2014 05:49:00,83.01,22.147,מדודים,גאות,נקודה פנימית
964917,57190,פארן - כביש הערבה,PARAN - ARAVA ROAD,2013/2014,10/03/2014 05:50:00,82.94,14.813,מדודים,גאות,נקודה פנימית
964918,57190,פארן - כביש הערבה,PARAN - ARAVA ROAD,2013/2014,10/03/2014 06:17:00,83.04,25.644,מדודים,גאות,נקודה פנימית
964919,57190,פארן - כביש הערבה,PARAN - ARAVA ROAD,2013/2014,10/03/2014 06:25:00,83.01,22.147,מדודים,גאות,נקודה פנימית
964920,57190,פארן - כביש הערבה,PARAN - ARAVA ROAD,2013/2014,10/03/2014 06:46:00,83.01,22.147,מדודים,גאות,נקודה פנימית
964921,57190,פארן - כביש הערבה,PARAN - ARAVA ROAD,2013/2014,10/03/2014 07:10:00,82.99,19.816,מדודים,גאות,נקודה פנימית
964922,57190,פארן - כביש הערבה,PARAN - ARAVA ROAD,2013/2014,10/03/2014 07:42:00,82.99,19.816,מדודים,גאות,נקודה פנימית
964923,57190,פארן - כביש הערבה,PARAN - ARAVA ROAD,2013/2014,10/03/2014 07:54:00,83.04,25.644,מדודים,גאות,נקודה פנימית
964924,57190,פארן - כביש הערבה,PARAN - ARAVA ROAD,2013/2014,10/03/2014 08:14:00,83.01,22.147,מדודים,גאות,נקודה פנימית
964925,57190,פארן - כביש הערבה,PARAN - ARAVA ROAD,2013/2014,10/03/2014 08:23:00,83.06,27.975,מדודים,גאות,נקודה פנימית
964926,57190,פארן - כביש הערבה,PARAN - ARAVA ROAD,2013/2014,10/03/2014 08:43:00,83.11,36.693,מדודים,גאות,נקודה פנימית
964927,57190,פארן - כביש הערבה,PARAN - ARAVA ROAD,2013/2014,10/03/2014 08:55:00,83.07,29.719,מדודים,גאות,נקודה פנימית
964928,57190,פארן - כביש הערבה,PARAN - ARAVA ROAD,2013/2014,10/03/2014 09:00:00,83.01,22.147,מדודים,גאות,נקודה פנימית
964929,57190,פארן - כביש הערבה,PARAN - ARAVA ROAD,2013/2014,10/03/2014 09:03:00,83.13,40.18,מדודים,גאות,נקודה פנימית
964930,57190,פארן - כביש הערבה,PARAN - ARAVA ROAD,2013/2014,10/03/2014 09:25:00,83.05,26.809,מדודים,גאות,נקודה פנימית
964931,57190,פארן - כביש הערבה,PARAN - ARAVA ROAD,2013/2014,10/03/2014 10:00:00,82.98,18.65,מדודים,גאות,נקודה פנימית
964932,57190,פארן - כביש הערבה,PARAN - ARAVA ROAD,2013/2014,10/03/2014 10:04:00,82.99,19.816,מדודים,גאות,נקודה פנימית
964933,57190,פארן - כביש הערבה,PARAN - ARAVA ROAD,2013/2014,10/03/2014 10:04:05,82.97,17.485,מדודים,גאות,נקודה פנימית
964934,57190,פארן - כביש הערבה,PARAN - ARAVA ROAD,2013/2014,10/03/2014 10:20:00,82.98,18.65,מדודים,גאות,נקודה פנימית
964935,57190,פארן - כביש הערבה,PARAN - ARAVA ROAD,2013/2014,10/03/2014 10:20:02,82.96,16.319,מדודים,גאות,נקודה פנימית
964936,57190,פארן - כביש הערבה,PARAN - ARAVA ROAD,2013/2014,10/03/2014 10:44:00,83.08,31.462,מדודים,גאות,נקודה פנימית
964937,57190,פארן - כביש הערבה,PARAN - ARAVA ROAD,2013/2014,10/03/2014 10:50:00,83.04,25.644,מדודים,גאות,נקודה פנימית
964938,57190,פארן - כביש הערבה,PARAN - ARAVA ROAD,2013/2014,10/03/2014 10:55:00,83.01,22.147,מדודים,גאות,נקודה פנימית
964939,57190,פארן - כביש הערבה,PARAN - ARAVA ROAD,2013/2014,10/03/2014 11:40:00,82.91,12.553,מדודים,גאות,נקודה פנימית
964940,57190,פארן - כביש הערבה,PARAN - ARAVA ROAD,2013/2014,10/03/2014 11:55:00,82.88,10.293,מדודים,גאות,נקודה פנימית
964941,57190,פארן - כביש הערבה,PARAN - ARAVA ROAD,2013/2014,10/03/2014 12:20:00,82.84,7.758,מדודים,גאות,נקודה פנימית
964942,57190,פארן - כביש הערבה,PARAN - ARAVA ROAD,2013/2014,10/03/2014 13:20:00,82.77,4.157,מדודים,גאות,נקודה פנימית
964943,57190,פארן - כביש הערבה,PARAN - ARAVA ROAD,2013/2014,10/03/2014 13:40:00,82.76,3.642,מדודים,גאות,נקודה פנימית
964944,57190,פארן - כביש הערבה,PARAN - ARAVA ROAD,2013/2014,10/03/2014 14:50:00,82.7,1.948,מדודים,גאות,נקודה פנימית
964945,57190,פארן - כביש הערבה,PARAN - ARAVA ROAD,2013/2014,10/03/2014 15:15:00,82.68,1.384,מדודים,גאות,נקודה פנימית
964946,57190,פארן - כביש הערבה,PARAN - ARAVA ROAD,2013/2014,10/03/2014 16:15:00,82.66,0.819,מדודים,גאות,נקודה פנימית
964947,57190,פארן - כביש הערבה,PARAN - ARAVA ROAD,2013/2014,10/03/2014 16:35:00,82.66,0.819,מדודים,גאות,נקודה פנימית
964948,57190,פארן - כביש הערבה,PARAN - ARAVA ROAD,2013/2014,10/03/2014 18:15:00,82.66,0.819,מדודים,גאות,נקודה פנימית
964949,57190,פארן - כביש הערבה,PARAN - ARAVA ROAD,2013/2014,10/03/2014 19:37:00,82.66,0.819,מדודים,גאות,נקודה פנימית
964950,57190,פארן - כביש הערבה,PARAN - ARAVA ROAD,2013/2014,10/03/2014 20:45:00,82.65,0.737,מדודים,גאות,נקודה פנימית
964951,57190,פארן - כביש הערבה,PARAN - ARAVA ROAD,2013/2014,10/03/2014 21:05:00,82.64,0.655,משוחזרים,גאות,נקודה פנימית
964952,57190,פארן - כביש הערבה,PARAN - ARAVA ROAD,2013/2014,10/03/2014 21:45:00,82.63,0.573,משוחזרים,גאות,נקודה פנימית
964953,57190,פארן - כביש הערבה,PARAN - ARAVA ROAD,2013/2014,10/03/2014 22:00:00,82.63,0.573,משוחזרים,גאות,נקודה פנימית
964954,57190,פארן - כביש הערבה,PARAN - ARAVA ROAD,2013/2014,10/03/2014 22:25:00,82.62,0.491,משוחזרים,גאות,נקודה פנימית
964955,57190,פארן - כביש הערבה,PARAN - ARAVA ROAD,2013/2014,10/03/2014 23:25:00,82.61,0.41,משוחזרים,גאות,נקודה פנימית
964956,57190,פארן - כביש הערבה,PARAN - ARAVA ROAD,2013/2014,11/03/2014 01:00:00,82.6,0.328,משוחזרים,גאות,נקודה פנימית
964957,57190,פארן - כביש הערבה,PARAN - ARAVA ROAD,2013/2014,11/03/2014 02:15:00,82.59,0.246,משוחזרים,גאות,נקודה פנימית
964958,57190,פארן - כביש הערבה,PARAN - ARAVA ROAD,2013/2014,11/03/2014 02:45:00,82.6,0.328,משוחזרים,גאות,נקודה פנימית
964959,57190,פארן - כביש הערבה,PARAN - ARAVA ROAD,2013/2014,11/03/2014 03:10:00,82.59,0.246,משוחזרים,גאות,נקודה פנימית
964960,57190,פארן - כביש הערבה,PARAN - ARAVA ROAD,2013/2014,11/03/2014 09:20:00,82.61,0.41,משוחזרים,גאות,נקודה פנימית
964961,57190,פארן - כביש הערבה,PARAN - ARAVA ROAD,2013/2014,11/03/2014 09:35:00,82.61,0.41,משוחזרים,גאות,נקודה פנימית
964962,57190,פארן - כביש הערבה,PARAN - ARAVA ROAD,2013/2014,11/03/2014 10:20:00,82.6,0.328,משוחזרים,גאות,נקודה פנימית
964963,57190,פארן - כביש הערבה,PARAN - ARAVA ROAD,2013/2014,11/03/2014 21:50:00,82.57,0.082,משוחזרים,גאות,נקודה פנימית
964964,57190,פארן - כביש הערבה,PARAN - ARAVA ROAD,2013/2014,12/03/2014 18:35:00,82.56,0,מדודים,גאות,נקודה פנימית
964965,57190,פארן - כביש הערבה,PARAN - ARAVA ROAD,2013/2014,12/03/2014 18:54:00,82.57,0.082,מדודים,גאות,נקודה פנימית
964966,57190,פארן - כביש הערבה,PARAN - ARAVA ROAD,2013/2014,12/03/2014 19:23:00,82.57,0.082,מדודים,גאות,נקודה פנימית
964967,57190,פארן - כביש הערבה,PARAN - ARAVA ROAD,2013/2014,12/03/2014 19:37:00,82.68,1.384,מדודים,גאות,נקודה פנימית
964968,57190,פארן - כביש הערבה,PARAN - ARAVA ROAD,2013/2014,12/03/2014 19:40:00,82.64,0.655,מדודים,גאות,נקודה פנימית
964969,57190,פארן - כביש הערבה,PARAN - ARAVA ROAD,2013/2014,12/03/2014 19:55:00,82.63,0.573,מדודים,גאות,נקודה פנימית
964970,57190,פארן - כביש הערבה,PARAN - ARAVA ROAD,2013/2014,12/03/2014 20:00:00,82.63,0.573,מדודים,גאות,נקודה פנימית
964971,57190,פארן - כביש הערבה,PARAN - ARAVA ROAD,2013/2014,12/03/2014 21:24:00,82.58,0.164,מדודים,גאות,נקודה פנימית
964972,57190,פארן - כביש הערבה,PARAN - ARAVA ROAD,2013/2014,12/03/2014 21:25:00,82.64,0.655,מדודים,גאות,נקודה פנימית
964973,57190,פארן - כביש הערבה,PARAN - ARAVA ROAD,2013/2014,12/03/2014 22:00:00,82.59,0.246,מדודים,גאות,נקודה פנימית
964974,57190,פארן - כביש הערבה,PARAN - ARAVA ROAD,2013/2014,13/03/2014 01:15:00,82.57,0.082,משוחזרים,גאות,נקודה פנימית
964975,57190,פארן - כביש הערבה,PARAN - ARAVA ROAD,2013/2014,13/03/2014 01:57:00,82.56,0,משוחזרים,גאות,נקודה פנימית
964976,57190,פארן - כביש הערבה,PARAN - ARAVA ROAD,2013/2014,13/03/2014 07:53:00,82.56,0,משוחזרים,גאות,נקודה פנימית
964977,57190,פארן - כביש הערבה,PARAN - ARAVA ROAD,2013/2014,14/03/2014 07:39:00,82.56,0,מדודים,גאות,נקודה פנימית
964978,57190,פארן - כביש הערבה,PARAN - ARAVA ROAD,2013/2014,14/03/2014 09:24:00,82.66,0.819,מדודים,גאות,נקודה פנימית
964979,57190,פארן - כביש הערבה,PARAN - ARAVA ROAD,2013/2014,14/03/2014 13:11:00,82.6,0.328,מדודים,גאות,נקודה פנימית
964980,57190,פארן - כביש הערבה,PARAN - ARAVA ROAD,2013/2014,14/03/2014 16:50:00,82.59,0.246,משוחזרים,גאות,נקודה פנימית
964981,57190,פארן - כביש הערבה,PARAN - ARAVA ROAD,2013/2014,14/03/2014 20:18:00,82.57,0.082,משוחזרים,גאות,נקודה פנימית
964982,57190,פארן - כביש הערבה,PARAN - ARAVA ROAD,2013/2014,15/03/2014 00:31:00,82.56,0,משוחזרים,גאות,נקודה פנימית
964983,57190,פארן - כביש הערבה,PARAN - ARAVA ROAD,2013/2014,15/03/2014 08:15:00,82.56,0,משוחזרים,גאות,נקודה פנימית
964984,57190,פארן - כביש הערבה,PARAN - ARAVA ROAD,2013/2014,25/03/2014 09:40:00,82.56,0,מדודים,תקין,סיום קטע
964985,57190,פארן - כביש הערבה,PARAN - ARAVA ROAD,2013/2014,25/03/2014 13:00:00,82.56,0,מדודים,תקין,התחלת קטע
964986,57190,פארן - כביש הערבה,PARAN - ARAVA ROAD,2013/2014,08/05/2014 00:40:00,82.56,0,מדודים,גאות,נקודה פנימית
964987,57190,פארן - כביש הערבה,PARAN - ARAVA ROAD,2013/2014,08/05/2014 00:55:00,82.81,6.215,מדודים,גאות,נקודה פנימית
964988,57190,פארן - כביש הערבה,PARAN - ARAVA ROAD,2013/2014,08/05/2014 01:00:00,82.89,11.047,מדודים,גאות,נקודה פנימית
964989,57190,פארן - כביש הערבה,PARAN - ARAVA ROAD,2013/2014,08/05/2014 01:10:00,82.99,19.816,מדודים,גאות,נקודה פנימית
964990,57190,פארן - כביש הערבה,PARAN - ARAVA ROAD,2013/2014,08/05/2014 01:10:02,83.02,23.313,מדודים,גאות,נקודה פנימית
964991,57190,פארן - כביש הערבה,PARAN - ARAVA ROAD,2013/2014,08/05/2014 01:40:00,82.88,10.293,מדודים,גאות,נקודה פנימית
964992,57190,פארן - כביש הערבה,PARAN - ARAVA ROAD,2013/2014,08/05/2014 01:45:00,82.85,8.273,מדודים,גאות,נקודה פנימית
964993,57190,פארן - כביש הערבה,PARAN - ARAVA ROAD,2013/2014,08/05/2014 02:05:00,82.77,4.157,מדודים,גאות,נקודה פנימית
964994,57190,פארן - כביש הערבה,PARAN - ARAVA ROAD,2013/2014,08/05/2014 02:10:00,82.76,3.642,מדודים,גאות,נקודה פנימית
964995,57190,פארן - כביש הערבה,PARAN - ARAVA ROAD,2013/2014,08/05/2014 03:20:00,82.67,1.101,מדודים,גאות,נקודה פנימית
964996,57190,פארן - כביש הערבה,PARAN - ARAVA ROAD,2013/2014,08/05/2014 03:45:00,82.65,0.737,מדודים,גאות,נקודה פנימית
964997,57190,פארן - כביש הערבה,PARAN - ARAVA ROAD,2013/2014,08/05/2014 05:25:00,82.6,0.328,מדודים,גאות,נקודה פנימית
964998,57190,פארן - כביש הערבה,PARAN - ARAVA ROAD,2013/2014,08/05/2014 05:50:00,82.59,0.246,מדודים,גאות,נקודה פנימית
964999,57190,פארן - כביש הערבה,PARAN - ARAVA ROAD,2013/2014,08/05/2014 12:15:00,82.57,0.082,משוחזרים,גאות,נקודה פנימית
965000,57190,פארן - כביש הערבה,PARAN - ARAVA ROAD,2013/2014,08/05/2014 23:53:00,82.57,0.082,משוחזרים,גאות,נקודה פנימית
965001,57190,פארן - כביש הערבה,PARAN - ARAVA ROAD,2013/2014,09/05/2014 11:36:00,82.56,0,משוחזרים,גאות,נקודה פנימית
965002,57190,פארן - כביש הערבה,PARAN - ARAVA ROAD,2013/2014,09/05/2014 17:30:00,82.56,0,משוחזרים,גאות,נקודה פנימית
965003,57190,פארן - כביש הערבה,PARAN - ARAVA ROAD,2013/2014,02/06/2014 10:10:00,82.56,0,מדודים,תקין,סיום קטע
965004,57190,פארן - כביש הערבה,PARAN - ARAVA ROAD,2014/2015,17/11/2014 13:00:00,82.56,0,מדודים,תקין,התחלת קטע
965005,57190,פארן - כביש הערבה,PARAN - ARAVA ROAD,2014/2015,13/12/2014 05:48:00,82.56,0,מדודים,גאות,נקודה פנימית
965006,57190,פארן - כביש הערבה,PARAN - ARAVA ROAD,2014/2015,13/12/2014 05:51:00,82.66,0.819,מדודים,גאות,נקודה פנימית
965007,57190,פארן - כביש הערבה,PARAN - ARAVA ROAD,2014/2015,13/12/2014 06:16:00,82.66,0.819,מדודים,גאות,נקודה פנימית
965008,57190,פארן - כביש הערבה,PARAN - ARAVA ROAD,2014/2015,13/12/2014 06:24:00,82.66,0.819,מדודים,גאות,נקודה פנימית
965009,57190,פארן - כביש הערבה,PARAN - ARAVA ROAD,2014/2015,13/12/2014 06:30:00,82.66,0.819,מדודים,גאות,נקודה פנימית
965010,57190,פארן - כביש הערבה,PARAN - ARAVA ROAD,2014/2015,13/12/2014 06:47:00,82.66,0.819,מדודים,גאות,נקודה פנימית
965011,57190,פארן - כביש הערבה,PARAN - ARAVA ROAD,2014/2015,13/12/2014 06:58:00,82.66,0.819,מדודים,גאות,נקודה פנימית
965012,57190,פארן - כביש הערבה,PARAN - ARAVA ROAD,2014/2015,13/12/2014 07:48:00,82.65,0.737,מדודים,גאות,נקודה פנימית
965013,57190,פארן - כביש הערבה,PARAN - ARAVA ROAD,2014/2015,13/12/2014 08:04:00,82.65,0.737,מדודים,גאות,נקודה פנימית
965014,57190,פארן - כביש הערבה,PARAN - ARAVA ROAD,2014/2015,13/12/2014 09:22:00,82.63,0.573,מדודים,גאות,נקודה פנימית
965015,57190,פארן - כביש הערבה,PARAN - ARAVA ROAD,2014/2015,13/12/2014 09:36:00,82.64,0.655,מדודים,גאות,נקודה פנימית
965016,57190,פארן - כביש הערבה,PARAN - ARAVA ROAD,2014/2015,13/12/2014 10:18:00,82.62,0.491,מדודים,גאות,נקודה פנימית
965017,57190,פארן - כביש הערבה,PARAN - ARAVA ROAD,2014/2015,13/12/2014 12:10:00,82.57,0.082,משוחזרים,גאות,נקודה פנימית
965018,57190,פארן - כביש הערבה,PARAN - ARAVA ROAD,2014/2015,13/12/2014 15:34:00,82.56,0,משוחזרים,גאות,נקודה פנימית
965019,57190,פארן - כביש הערבה,PARAN - ARAVA ROAD,2014/2015,13/12/2014 19:54:00,82.56,0,משוחזרים,גאות,נקודה פנימית
965020,57190,פארן - כביש הערבה,PARAN - ARAVA ROAD,2014/2015,17/12/2014 11:18:00,82.56,0,מדודים,תקין,סיום קטע
965021,57190,פארן - כביש הערבה,PARAN - ARAVA ROAD,2014/2015,15/01/2015 13:00:00,82.56,0,מדודים,תקין,התחלת קטע
965022,57190,פארן - כביש הערבה,PARAN - ARAVA ROAD,2014/2015,21/02/2015 17:24:00,82.56,0,מדודים,גאות,נקודה פנימית
965023,57190,פארן - כביש הערבה,PARAN - ARAVA ROAD,2014/2015,21/02/2015 18:43:00,82.61,0.41,מדודים,גאות,נקודה פנימית
965024,57190,פארן - כביש הערבה,PARAN - ARAVA ROAD,2014/2015,21/02/2015 19:15:00,82.62,0.491,מדודים,גאות,נקודה פנימית
965025,57190,פארן - כביש הערבה,PARAN - ARAVA ROAD,2014/2015,21/02/2015 19:18:00,82.8,5.7,מדודים,גאות,נקודה פנימית
965026,57190,פארן - כביש הערבה,PARAN - ARAVA ROAD,2014/2015,21/02/2015 19:42:00,82.66,0.819,מדודים,גאות,נקודה פנימית
965027,57190,פארן - כביש הערבה,PARAN - ARAVA ROAD,2014/2015,21/02/2015 20:02:00,82.63,0.573,מדודים,גאות,נקודה פנימית
965028,57190,פארן - כביש הערבה,PARAN - ARAVA ROAD,2014/2015,21/02/2015 20:48:00,82.61,0.41,מדודים,גאות,נקודה פנימית
965029,57190,פארן - כביש הערבה,PARAN - ARAVA ROAD,2014/2015,21/02/2015 21:18:00,82.61,0.41,מדודים,גאות,נקודה פנימית
965030,57190,פארן - כביש הערבה,PARAN - ARAVA ROAD,2014/2015,21/02/2015 23:00:00,82.59,0.246,מדודים,גאות,נקודה פנימית
965031,57190,פארן - כביש הערבה,PARAN - ARAVA ROAD,2014/2015,22/02/2015 00:24:00,82.61,0.41,מדודים,גאות,נקודה פנימית
965032,57190,פארן - כביש הערבה,PARAN - ARAVA ROAD,2014/2015,22/02/2015 00:36:00,82.61,0.41,מדודים,גאות,נקודה פנימית
965033,57190,פארן - כביש הערבה,PARAN - ARAVA ROAD,2014/2015,22/02/2015 01:06:00,82.6,0.328,מדודים,גאות,נקודה פנימית
965034,57190,פארן - כביש הערבה,PARAN - ARAVA ROAD,2014/2015,22/02/2015 02:24:00,82.58,0.164,משוחזרים,גאות,נקודה פנימית
965035,57190,פארן - כביש הערבה,PARAN - ARAVA ROAD,2014/2015,22/02/2015 05:03:00,82.57,0.082,משוחזרים,גאות,נקודה פנימית
965036,57190,פארן - כביש הערבה,PARAN - ARAVA ROAD,2014/2015,22/02/2015 10:31:00,82.56,0,משוחזרים,גאות,נקודה פנימית
965037,57190,פארן - כביש הערבה,PARAN - ARAVA ROAD,2014/2015,22/02/2015 13:11:00,82.56,0,משוחזרים,גאות,נקודה פנימית
965038,57190,פארן - כביש הערבה,PARAN - ARAVA ROAD,2014/2015,22/03/2015 13:06:00,82.56,0,מדודים,תקין,סיום קטע
965039,57190,פארן - כביש הערבה,PARAN - ARAVA ROAD,2014/2015,01/09/2015 16:00:00,82.81,0,מדודים,תקין,התחלת קטע
965040,57190,פארן - כביש הערבה,PARAN - ARAVA ROAD,2014/2015,15/09/2015 21:36:00,82.81,0,מדודים,גאות,נקודה פנימית
965041,57190,פארן - כביש הערבה,PARAN - ARAVA ROAD,2014/2015,15/09/2015 21:48:00,83.58,58.01,מדודים,גאות,נקודה פנימית
965042,57190,פארן - כביש הערבה,PARAN - ARAVA ROAD,2014/2015,15/09/2015 21:56:00,83.95,152,מדודים,גאות,נקודה פנימית
965043,57190,פארן - כביש הערבה,PARAN - ARAVA ROAD,2014/2015,15/09/2015 22:06:00,83.64,66.92,מדודים,גאות,נקודה פנימית
965044,57190,פארן - כביש הערבה,PARAN - ARAVA ROAD,2014/2015,15/09/2015 22:12:00,83.55,53.42,מדודים,גאות,נקודה פנימית
965045,57190,פארן - כביש הערבה,PARAN - ARAVA ROAD,2014/2015,15/09/2015 22:24:00,84.21,326,מדודים,גאות,נקודה פנימית
965046,57190,פארן - כביש הערבה,PARAN - ARAVA ROAD,2014/2015,15/09/2015 22:29:00,84.62,718.4,מדודים,גאות,נקודה פנימית
965047,57190,פארן - כביש הערבה,PARAN - ARAVA ROAD,2014/2015,15/09/2015 22:30:00,84.58,671.5,מדודים,גאות,נקודה פנימית
965048,57190,פארן - כביש הערבה,PARAN - ARAVA ROAD,2014/2015,15/09/2015 22:31:00,84.62,718.4,מדודים,גאות,נקודה פנימית
965049,57190,פארן - כביש הערבה,PARAN - ARAVA ROAD,2014/2015,15/09/2015 22:40:00,84.24,347,מדודים,גאות,נקודה פנימית
965050,57190,פארן - כביש הערבה,PARAN - ARAVA ROAD,2014/2015,15/09/2015 23:18:00,83.99,174,מדודים,גאות,נקודה פנימית
965051,57190,פארן - כביש הערבה,PARAN - ARAVA ROAD,2014/2015,15/09/2015 23:24:00,83.99,174,מדודים,גאות,נקודה פנימית
965052,57190,פארן - כביש הערבה,PARAN - ARAVA ROAD,2014/2015,15/09/2015 23:48:00,83.78,87.5,מדודים,גאות,נקודה פנימית
965053,57190,פארן - כביש הערבה,PARAN - ARAVA ROAD,2014/2015,16/09/2015 00:48:00,83.57,56.48,מדודים,גאות,נקודה פנימית
965054,57190,פארן - כביש הערבה,PARAN - ARAVA ROAD,2014/2015,16/09/2015 01:00:00,83.55,53.42,מדודים,גאות,נקודה פנימית
965055,57190,פארן - כביש הערבה,PARAN - ARAVA ROAD,2014/2015,16/09/2015 01:42:00,83.46,39.65,מדודים,גאות,נקודה פנימית
965056,57190,פארן - כביש הערבה,PARAN - ARAVA ROAD,2014/2015,16/09/2015 02:18:00,83.37,27.6,מדודים,גאות,נקודה פנימית
965057,57190,פארן - כביש הערבה,PARAN - ARAVA ROAD,2014/2015,16/09/2015 03:00:00,83.25,15.18,מדודים,גאות,נקודה פנימית
965058,57190,פארן - כביש הערבה,PARAN - ARAVA ROAD,2014/2015,16/09/2015 03:30:00,83.31,21,מדודים,גאות,נקודה פנימית
965059,57190,פארן - כביש הערבה,PARAN - ARAVA ROAD,2014/2015,16/09/2015 04:42:00,83.16,8.3,מדודים,גאות,נקודה פנימית
965060,57190,פארן - כביש הערבה,PARAN - ARAVA ROAD,2014/2015,16/09/2015 07:07:00,82.96,0.95,מדודים,גאות,נקודה פנימית
965061,57190,פארן - כביש הערבה,PARAN - ARAVA ROAD,2014/2015,16/09/2015 09:06:00,82.86,0.1,מדודים,גאות,נקודה פנימית
965062,57190,פארן - כביש הערבה,PARAN - ARAVA ROAD,2014/2015,16/09/2015 10:58:00,82.84,0.06,מדודים,גאות,נקודה פנימית
965063,57190,פארן - כביש הערבה,PARAN - ARAVA ROAD,2014/2015,16/09/2015 23:24:00,82.81,0,מדודים,גאות,נקודה פנימית
965064,57190,פארן - כביש הערבה,PARAN - ARAVA ROAD,2014/2015,21/09/2015 13:42:00,82.81,0,מדודים,תקין,סיום קטע
965065,57190,פארן - כביש הערבה,PARAN - ARAVA ROAD,2014/2015,21/09/2015 13:42:00,82.81,0,מדודים,תקין,התחלת קטע
965066,57190,פארן - כביש הערבה,PARAN - ARAVA ROAD,2015/2016,25/10/2015 16:06:00,82.81,0,מדודים,גאות,נקודה פנימית
965067,57190,פארן - כביש הערבה,PARAN - ARAVA ROAD,2015/2016,25/10/2015 16:27:00,82.81,0,מדודים,גאות,נקודה פנימית
965068,57190,פארן - כביש הערבה,PARAN - ARAVA ROAD,2015/2016,25/10/2015 16:34:00,82.85,0.08,מדודים,גאות,נקודה פנימית
965069,57190,פארן - כביש הערבה,PARAN - ARAVA ROAD,2015/2016,25/10/2015 16:39:00,82.86,0.1,מדודים,גאות,נקודה פנימית
965070,57190,פארן - כביש הערבה,PARAN - ARAVA ROAD,2015/2016,25/10/2015 16:58:00,82.86,0.1,מדודים,גאות,נקודה פנימית
965071,57190,פארן - כביש הערבה,PARAN - ARAVA ROAD,2015/2016,25/10/2015 17:14:00,82.87,0.12,מדודים,גאות,נקודה פנימית
965072,57190,פארן - כביש הערבה,PARAN - ARAVA ROAD,2015/2016,25/10/2015 17:29:00,82.86,0.1,מדודים,גאות,נקודה פנימית
965073,57190,פארן - כביש הערבה,PARAN - ARAVA ROAD,2015/2016,25/10/2015 17:45:00,82.84,0.06,מדודים,גאות,נקודה פנימית
965074,57190,פארן - כביש הערבה,PARAN - ARAVA ROAD,2015/2016,25/10/2015 18:14:00,82.83,0.04,מדודים,גאות,נקודה פנימית
965075,57190,פארן - כביש הערבה,PARAN - ARAVA ROAD,2015/2016,25/10/2015 21:15:00,82.82,0.02,משוחזרים,גאות,נקודה פנימית
965076,57190,פארן - כביש הערבה,PARAN - ARAVA ROAD,2015/2016,26/10/2015 10:50:00,82.82,0.02,משוחזרים,גאות,נקודה פנימית
965077,57190,פארן - כביש הערבה,PARAN - ARAVA ROAD,2015/2016,26/10/2015 14:32:00,82.82,0.02,משוחזרים,גאות,נקודה פנימית
965078,57190,פארן - כביש הערבה,PARAN - ARAVA ROAD,2015/2016,26/10/2015 15:05:00,82.83,0.04,משוחזרים,גאות,נקודה פנימית
965079,57190,פארן - כביש הערבה,PARAN - ARAVA ROAD,2015/2016,26/10/2015 15:24:00,82.84,0.06,משוחזרים,גאות,נקודה פנימית
965080,57190,פארן - כביש הערבה,PARAN - ARAVA ROAD,2015/2016,26/10/2015 19:53:00,82.82,0.02,משוחזרים,גאות,נקודה פנימית
965081,57190,פארן - כביש הערבה,PARAN - ARAVA ROAD,2015/2016,26/10/2015 21:35:00,82.81,0,משוחזרים,גאות,נקודה פנימית
965082,57190,פארן - כביש הערבה,PARAN - ARAVA ROAD,2015/2016,27/10/2015 04:00:00,82.81,0,משוחזרים,גאות,נקודה פנימית
965083,57190,פארן - כביש הערבה,PARAN - ARAVA ROAD,2015/2016,23/11/2015 10:42:00,82.81,0,מדודים,תקין,סיום קטע
965084,57190,פארן - כביש הערבה,PARAN - ARAVA ROAD,2015/2016,14/02/2016 12:00:00,82.81,0,מדודים,תקין,התחלת קטע
965085,57190,פארן - כביש הערבה,PARAN - ARAVA ROAD,2015/2016,26/03/2016 22:24:00,82.81,0,מדודים,גאות,נקודה פנימית
965086,57190,פארן - כביש הערבה,PARAN - ARAVA ROAD,2015/2016,26/03/2016 22:48:00,82.93,0.5,מדודים,גאות,נקודה פנימית
965087,57190,פארן - כביש הערבה,PARAN - ARAVA ROAD,2015/2016,26/03/2016 23:38:00,82.94,0.65,מדודים,גאות,נקודה פנימית
965088,57190,פארן - כביש הערבה,PARAN - ARAVA ROAD,2015/2016,27/03/2016 00:54:00,82.92,0.35,מדודים,גאות,נקודה פנימית
965089,57190,פארן - כביש הערבה,PARAN - ARAVA ROAD,2015/2016,27/03/2016 01:54:00,82.89,0.16,מדודים,גאות,נקודה פנימית
965090,57190,פארן - כביש הערבה,PARAN - ARAVA ROAD,2015/2016,27/03/2016 02:24:00,82.88,0.14,מדודים,גאות,נקודה פנימית
965091,57190,פארן - כביש הערבה,PARAN - ARAVA ROAD,2015/2016,27/03/2016 03:24:00,82.86,0.1,מדודים,גאות,נקודה פנימית
965092,57190,פארן - כביש הערבה,PARAN - ARAVA ROAD,2015/2016,27/03/2016 03:48:00,82.85,0.08,מדודים,גאות,נקודה פנימית
965093,57190,פארן - כביש הערבה,PARAN - ARAVA ROAD,2015/2016,27/03/2016 05:27:00,82.83,0.04,משוחזרים,גאות,נקודה פנימית
965094,57190,פארן - כביש הערבה,PARAN - ARAVA ROAD,2015/2016,27/03/2016 08:35:00,82.82,0.02,משוחזרים,גאות,נקודה פנימית
965095,57190,פארן - כביש הערבה,PARAN - ARAVA ROAD,2015/2016,27/03/2016 14:54:00,82.81,0,משוחזרים,גאות,נקודה פנימית
965096,57190,פארן - כביש הערבה,PARAN - ARAVA ROAD,2015/2016,27/03/2016 18:00:00,82.81,0,מדודים,תקין,נקודה פנימית
965097,57190,פארן - כביש הערבה,PARAN - ARAVA ROAD,2015/2016,13/04/2016 07:24:00,82.81,0,מדודים,גאות,נקודה פנימית
965098,57190,פארן - כביש הערבה,PARAN - ARAVA ROAD,2015/2016,13/04/2016 11:15:00,82.81,0,מדודים,גאות,נקודה פנימית
965099,57190,פארן - כביש הערבה,PARAN - ARAVA ROAD,2015/2016,13/04/2016 11:32:00,83.08,4.22,מדודים,גאות,נקודה פנימית
965100,57190,פארן - כביש הערבה,PARAN - ARAVA ROAD,2015/2016,13/04/2016 11:49:00,83.11,5.3,מדודים,גאות,נקודה פנימית
965101,57190,פארן - כביש הערבה,PARAN - ARAVA ROAD,2015/2016,13/04/2016 12:09:00,83.09,4.58,מדודים,גאות,נקודה פנימית
965102,57190,פארן - כביש הערבה,PARAN - ARAVA ROAD,2015/2016,13/04/2016 12:24:00,83.09,4.58,מדודים,גאות,נקודה פנימית
965103,57190,פארן - כביש הערבה,PARAN - ARAVA ROAD,2015/2016,13/04/2016 12:30:00,83.09,4.58,מדודים,גאות,נקודה פנימית
965104,57190,פארן - כביש הערבה,PARAN - ARAVA ROAD,2015/2016,13/04/2016 14:42:00,83.05,3.14,מדודים,גאות,נקודה פנימית
965105,57190,פארן - כביש הערבה,PARAN - ARAVA ROAD,2015/2016,13/04/2016 15:42:00,83.04,2.78,מדודים,גאות,נקודה פנימית
965106,57190,פארן - כביש הערבה,PARAN - ARAVA ROAD,2015/2016,13/04/2016 16:06:00,83.03,2.42,מדודים,גאות,נקודה פנימית
965107,57190,פארן - כביש הערבה,PARAN - ARAVA ROAD,2015/2016,13/04/2016 16:36:00,83.02,2.06,מדודים,גאות,נקודה פנימית
965108,57190,פארן - כביש הערבה,PARAN - ARAVA ROAD,2015/2016,13/04/2016 16:48:00,83.02,2.06,מדודים,גאות,נקודה פנימית
965109,57190,פארן - כביש הערבה,PARAN - ARAVA ROAD,2015/2016,13/04/2016 17:06:00,83.03,2.42,מדודים,גאות,נקודה פנימית
965110,57190,פארן - כביש הערבה,PARAN - ARAVA ROAD,2015/2016,13/04/2016 17:18:00,83.03,2.42,מדודים,גאות,נקודה פנימית
965111,57190,פארן - כביש הערבה,PARAN - ARAVA ROAD,2015/2016,13/04/2016 17:30:00,83.02,2.06,מדודים,גאות,נקודה פנימית
965112,57190,פארן - כביש הערבה,PARAN - ARAVA ROAD,2015/2016,13/04/2016 18:30:00,82.99,1.4,מדודים,גאות,נקודה פנימית
965113,57190,פארן - כביש הערבה,PARAN - ARAVA ROAD,2015/2016,13/04/2016 18:48:00,82.98,1.25,מדודים,גאות,נקודה פנימית
965114,57190,פארן - כביש הערבה,PARAN - ARAVA ROAD,2015/2016,13/04/2016 19:12:00,82.96,0.95,מדודים,גאות,נקודה פנימית
965115,57190,פארן - כביש הערבה,PARAN - ARAVA ROAD,2015/2016,13/04/2016 20:30:00,82.93,0.5,מדודים,גאות,נקודה פנימית
965116,57190,פארן - כביש הערבה,PARAN - ARAVA ROAD,2015/2016,13/04/2016 21:30:00,82.91,0.2,מדודים,גאות,נקודה פנימית
965117,57190,פארן - כביש הערבה,PARAN - ARAVA ROAD,2015/2016,13/04/2016 23:30:00,82.88,0.14,מדודים,גאות,נקודה פנימית
965118,57190,פארן - כביש הערבה,PARAN - ARAVA ROAD,2015/2016,14/04/2016 00:24:00,82.86,0.1,מדודים,גאות,נקודה פנימית
965119,57190,פארן - כביש הערבה,PARAN - ARAVA ROAD,2015/2016,14/04/2016 02:38:00,82.83,0.04,משוחזרים,גאות,נקודה פנימית
965120,57190,פארן - כביש הערבה,PARAN - ARAVA ROAD,2015/2016,14/04/2016 08:19:00,82.82,0.02,משוחזרים,גאות,נקודה פנימית
965121,57190,פארן - כביש הערבה,PARAN - ARAVA ROAD,2015/2016,15/04/2016 00:12:00,82.81,0,משוחזרים,גאות,נקודה פנימית
965122,57190,פארן - כביש הערבה,PARAN - ARAVA ROAD,2015/2016,23/05/2016 10:12:00,82.81,0,מדודים,תקין,סיום קטע
965123,57190,פארן - כביש הערבה,PARAN - ARAVA ROAD,2016/2017,13/02/2017 12:00:00,82.81,0,מדודים,תקין,התחלת קטע
965124,57190,פארן - כביש הערבה,PARAN - ARAVA ROAD,2016/2017,13/04/2017 17:24:00,82.81,0,מדודים,גאות,נקודה פנימית
965125,57190,פארן - כביש הערבה,PARAN - ARAVA ROAD,2016/2017,13/04/2017 17:39:00,82.89,0.16,מדודים,גאות,נקודה פנימית
965126,57190,פארן - כביש הערבה,PARAN - ARAVA ROAD,2016/2017,13/04/2017 18:00:00,82.82,0.02,מדודים,גאות,נקודה פנימית
965127,57190,פארן - כביש הערבה,PARAN - ARAVA ROAD,2016/2017,13/04/2017 18:20:00,82.87,0.12,מדודים,גאות,נקודה פנימית
965128,57190,פארן - כביש הערבה,PARAN - ARAVA ROAD,2016/2017,13/04/2017 18:43:00,82.82,0.02,מדודים,גאות,נקודה פנימית
965129,57190,פארן - כביש הערבה,PARAN - ARAVA ROAD,2016/2017,13/04/2017 20:11:00,82.82,0.02,מדודים,גאות,נקודה פנימית
965130,57190,פארן - כביש הערבה,PARAN - ARAVA ROAD,2016/2017,13/04/2017 20:18:00,83.09,4.58,מדודים,גאות,נקודה פנימית
965131,57190,פארן - כביש הערבה,PARAN - ARAVA ROAD,2016/2017,13/04/2017 20:24:00,83.09,4.58,מדודים,גאות,נקודה פנימית
965132,57190,פארן - כביש הערבה,PARAN - ARAVA ROAD,2016/2017,13/04/2017 21:24:00,83.09,4.58,מדודים,גאות,נקודה פנימית
965133,57190,פארן - כביש הערבה,PARAN - ARAVA ROAD,2016/2017,13/04/2017 21:49:00,83.12,5.9,מדודים,גאות,נקודה פנימית
965134,57190,פארן - כביש הערבה,PARAN - ARAVA ROAD,2016/2017,13/04/2017 22:06:00,83.21,11.3,מדודים,גאות,נקודה פנימית
965135,57190,פארן - כביש הערבה,PARAN - ARAVA ROAD,2016/2017,13/04/2017 22:12:00,83.21,11.3,מדודים,גאות,נקודה פנימית
965136,57190,פארן - כביש הערבה,PARAN - ARAVA ROAD,2016/2017,13/04/2017 22:36:00,83.48,42.71,מדודים,גאות,נקודה פנימית
965137,57190,פארן - כביש הערבה,PARAN - ARAVA ROAD,2016/2017,13/04/2017 22:48:00,83.46,39.65,מדודים,גאות,נקודה פנימית
965138,57190,פארן - כביש הערבה,PARAN - ARAVA ROAD,2016/2017,13/04/2017 22:58:00,83.46,39.65,מדודים,גאות,נקודה פנימית
965139,57190,פארן - כביש הערבה,PARAN - ARAVA ROAD,2016/2017,13/04/2017 23:02:00,83.48,42.71,מדודים,גאות,נקודה פנימית
965140,57190,פארן - כביש הערבה,PARAN - ARAVA ROAD,2016/2017,13/04/2017 23:11:00,83.47,41.18,מדודים,גאות,נקודה פנימית
965141,57190,פארן - כביש הערבה,PARAN - ARAVA ROAD,2016/2017,13/04/2017 23:18:00,83.5,45.77,מדודים,גאות,נקודה פנימית
965142,57190,פארן - כביש הערבה,PARAN - ARAVA ROAD,2016/2017,13/04/2017 23:24:00,83.51,47.3,מדודים,גאות,נקודה פנימית
965143,57190,פארן - כביש הערבה,PARAN - ARAVA ROAD,2016/2017,13/04/2017 23:30:00,83.48,42.71,מדודים,גאות,נקודה פנימית
965144,57190,פארן - כביש הערבה,PARAN - ARAVA ROAD,2016/2017,14/04/2017 00:12:00,83.19,10.1,מדודים,גאות,נקודה פנימית
965145,57190,פארן - כביש הערבה,PARAN - ARAVA ROAD,2016/2017,14/04/2017 00:33:00,83.11,5.3,מדודים,גאות,נקודה פנימית
965146,57190,פארן - כביש הערבה,PARAN - ARAVA ROAD,2016/2017,14/04/2017 00:42:00,83.15,7.7,מדודים,גאות,נקודה פנימית
965147,57190,פארן - כביש הערבה,PARAN - ARAVA ROAD,2016/2017,14/04/2017 00:48:00,83.19,10.1,מדודים,גאות,נקודה פנימית
965148,57190,פארן - כביש הערבה,PARAN - ARAVA ROAD,2016/2017,14/04/2017 00:54:00,83.19,10.1,מדודים,גאות,נקודה פנימית
965149,57190,פארן - כביש הערבה,PARAN - ARAVA ROAD,2016/2017,14/04/2017 00:59:00,83.18,9.5,מדודים,גאות,נקודה פנימית
965150,57190,פארן - כביש הערבה,PARAN - ARAVA ROAD,2016/2017,14/04/2017 01:06:00,83.23,13.24,מדודים,גאות,נקודה פנימית
965151,57190,פארן - כביש הערבה,PARAN - ARAVA ROAD,2016/2017,14/04/2017 01:10:00,83.2,10.7,מדודים,גאות,נקודה פנימית
965152,57190,פארן - כביש הערבה,PARAN - ARAVA ROAD,2016/2017,14/04/2017 01:24:00,83.23,13.24,מדודים,גאות,נקודה פנימית
965153,57190,פארן - כביש הערבה,PARAN - ARAVA ROAD,2016/2017,14/04/2017 01:30:00,83.17,8.9,מדודים,גאות,נקודה פנימית
965154,57190,פארן - כביש הערבה,PARAN - ARAVA ROAD,2016/2017,14/04/2017 01:36:00,83.13,6.5,מדודים,גאות,נקודה פנימית
965155,57190,פארן - כביש הערבה,PARAN - ARAVA ROAD,2016/2017,14/04/2017 01:48:00,83.48,42.71,מדודים,גאות,נקודה פנימית
965156,57190,פארן - כביש הערבה,PARAN - ARAVA ROAD,2016/2017,14/04/2017 01:54:00,83.46,39.65,מדודים,גאות,נקודה פנימית
965157,57190,פארן - כביש הערבה,PARAN - ARAVA ROAD,2016/2017,14/04/2017 02:05:00,83.44,36.59,מדודים,גאות,נקודה פנימית
965158,57190,פארן - כביש הערבה,PARAN - ARAVA ROAD,2016/2017,14/04/2017 02:10:00,83.44,36.59,מדודים,גאות,נקודה פנימית
965159,57190,פארן - כביש הערבה,PARAN - ARAVA ROAD,2016/2017,14/04/2017 02:20:00,83.48,42.71,מדודים,גאות,נקודה פנימית
965160,57190,פארן - כביש הערבה,PARAN - ARAVA ROAD,2016/2017,14/04/2017 02:27:00,83.41,32,מדודים,גאות,נקודה פנימית
965161,57190,פארן - כביש הערבה,PARAN - ARAVA ROAD,2016/2017,14/04/2017 02:33:00,83.44,36.59,מדודים,גאות,נקודה פנימית
965162,57190,פארן - כביש הערבה,PARAN - ARAVA ROAD,2016/2017,14/04/2017 02:42:00,83.41,32,מדודים,גאות,נקודה פנימית
965163,57190,פארן - כביש הערבה,PARAN - ARAVA ROAD,2016/2017,14/04/2017 02:55:00,83.42,33.53,מדודים,גאות,נקודה פנימית
965164,57190,פארן - כביש הערבה,PARAN - ARAVA ROAD,2016/2017,14/04/2017 03:10:00,83.37,27.6,מדודים,גאות,נקודה פנימית
965165,57190,פארן - כביש הערבה,PARAN - ARAVA ROAD,2016/2017,14/04/2017 03:24:00,83.38,28.7,מדודים,גאות,נקודה פנימית
965166,57190,פארן - כביש הערבה,PARAN - ARAVA ROAD,2016/2017,14/04/2017 04:24:00,83.3,20.03,מדודים,גאות,נקודה פנימית
965167,57190,פארן - כביש הערבה,PARAN - ARAVA ROAD,2016/2017,14/04/2017 05:30:00,83.22,12.27,מדודים,גאות,נקודה פנימית
965168,57190,פארן - כביש הערבה,PARAN - ARAVA ROAD,2016/2017,14/04/2017 06:12:00,83.17,8.9,מדודים,גאות,נקודה פנימית
965169,57190,פארן - כביש הערבה,PARAN - ARAVA ROAD,2016/2017,14/04/2017 06:18:00,83.17,8.9,מדודים,גאות,נקודה פנימית
965170,57190,פארן - כביש הערבה,PARAN - ARAVA ROAD,2016/2017,14/04/2017 06:36:00,83.15,7.7,מדודים,גאות,נקודה פנימית
965171,57190,פארן - כביש הערבה,PARAN - ARAVA ROAD,2016/2017,14/04/2017 07:00:00,83.14,7.1,מדודים,גאות,נקודה פנימית
965172,57190,פארן - כביש הערבה,PARAN - ARAVA ROAD,2016/2017,14/04/2017 07:42:00,83.11,5.3,מדודים,גאות,נקודה פנימית
965173,57190,פארן - כביש הערבה,PARAN - ARAVA ROAD,2016/2017,14/04/2017 08:24:00,83.09,4.58,מדודים,גאות,נקודה פנימית
965174,57190,פארן - כביש הערבה,PARAN - ARAVA ROAD,2016/2017,14/04/2017 08:48:00,83.07,3.86,מדודים,גאות,נקודה פנימית
965175,57190,פארן - כביש הערבה,PARAN - ARAVA ROAD,2016/2017,14/04/2017 09:24:00,83.06,3.5,מדודים,גאות,נקודה פנימית
965176,57190,פארן - כביש הערבה,PARAN - ARAVA ROAD,2016/2017,14/04/2017 09:42:00,83.05,3.14,מדודים,גאות,נקודה פנימית
965177,57190,פארן - כביש הערבה,PARAN - ARAVA ROAD,2016/2017,14/04/2017 13:13:00,82.97,1.1,מדודים,גאות,נקודה פנימית
965178,57190,פארן - כביש הערבה,PARAN - ARAVA ROAD,2016/2017,14/04/2017 18:47:00,82.88,0.14,מדודים,גאות,נקודה פנימית
965179,57190,פארן - כביש הערבה,PARAN - ARAVA ROAD,2016/2017,14/04/2017 23:00:00,82.84,0.06,מדודים,גאות,נקודה פנימית
965180,57190,פארן - כביש הערבה,PARAN - ARAVA ROAD,2016/2017,14/04/2017 23:18:00,82.84,0.06,מדודים,גאות,נקודה פנימית
965181,57190,פארן - כביש הערבה,PARAN - ARAVA ROAD,2016/2017,15/04/2017 00:30:00,82.83,0.04,מדודים,גאות,נקודה פנימית
965182,57190,פארן - כביש הערבה,PARAN - ARAVA ROAD,2016/2017,15/04/2017 01:36:00,82.82,0.02,מדודים,גאות,נקודה פנימית
965183,57190,פארן - כביש הערבה,PARAN - ARAVA ROAD,2016/2017,15/04/2017 03:24:00,82.81,0,מדודים,גאות,נקודה פנימית
965184,57190,פארן - כביש הערבה,PARAN - ARAVA ROAD,2016/2017,15/04/2017 04:30:00,82.81,0,מדודים,גאות,נקודה פנימית
965185,57190,פארן - כביש הערבה,PARAN - ARAVA ROAD,2016/2017,20/04/2017 09:18:00,82.81,0,מדודים,תקין,סיום קטע
965186,57190,פארן - כביש הערבה,PARAN - ARAVA ROAD,2017/2018,08/01/2018 16:00:00,82.81,0,מדודים,תקין,התחלת קטע
965187,57190,פארן - כביש הערבה,PARAN - ARAVA ROAD,2017/2018,23/02/2018 05:10:00,82.81,0,מדודים,גאות,נקודה פנימית
965188,57190,פארן - כביש הערבה,PARAN - ARAVA ROAD,2017/2018,23/02/2018 05:31:37,82.81,0,מדודים,גאות,נקודה פנימית
965189,57190,פארן - כביש הערבה,PARAN - ARAVA ROAD,2017/2018,23/02/2018 05:34:51,82.86,0.1,מדודים,גאות,נקודה פנימית
965190,57190,פארן - כביש הערבה,PARAN - ARAVA ROAD,2017/2018,23/02/2018 05:48:18,82.83,0.04,מדודים,גאות,נקודה פנימית
965191,57190,פארן - כביש הערבה,PARAN - ARAVA ROAD,2017/2018,23/02/2018 06:01:35,82.82,0.02,מדודים,גאות,נקודה פנימית
965192,57190,פארן - כביש הערבה,PARAN - ARAVA ROAD,2017/2018,23/02/2018 07:07:56,82.81,0,משוחזרים,גאות,נקודה פנימית
965193,57190,פארן - כביש הערבה,PARAN - ARAVA ROAD,2017/2018,23/02/2018 07:34:29,82.81,0,משוחזרים,גאות,נקודה פנימית
965194,57190,פארן - כביש הערבה,PARAN - ARAVA ROAD,2017/2018,23/02/2018 07:40:00,82.87,0.12,מדודים,גאות,נקודה פנימית
965195,57190,פארן - כביש הערבה,PARAN - ARAVA ROAD,2017/2018,23/02/2018 07:44:10,82.87,0.12,מדודים,גאות,נקודה פנימית
965196,57190,פארן - כביש הערבה,PARAN - ARAVA ROAD,2017/2018,23/02/2018 07:53:03,82.89,0.16,מדודים,גאות,נקודה פנימית
965197,57190,פארן - כביש הערבה,PARAN - ARAVA ROAD,2017/2018,23/02/2018 08:06:20,82.87,0.12,מדודים,גאות,נקודה פנימית
965198,57190,פארן - כביש הערבה,PARAN - ARAVA ROAD,2017/2018,23/02/2018 08:10:00,82.88,0.14,מדודים,גאות,נקודה פנימית
965199,57190,פארן - כביש הערבה,PARAN - ARAVA ROAD,2017/2018,23/02/2018 08:25:23,82.93,0.5,מדודים,גאות,נקודה פנימית
965200,57190,פארן - כביש הערבה,PARAN - ARAVA ROAD,2017/2018,23/02/2018 08:38:11,82.95,0.8,מדודים,גאות,נקודה פנימית
965201,57190,פארן - כביש הערבה,PARAN - ARAVA ROAD,2017/2018,23/02/2018 08:45:35,82.94,0.65,מדודים,גאות,נקודה פנימית
965202,57190,פארן - כביש הערבה,PARAN - ARAVA ROAD,2017/2018,23/02/2018 08:59:25,82.92,0.35,מדודים,גאות,נקודה פנימית
965203,57190,פארן - כביש הערבה,PARAN - ARAVA ROAD,2017/2018,23/02/2018 09:05:00,82.92,0.35,מדודים,גאות,נקודה פנימית
965204,57190,פארן - כביש הערבה,PARAN - ARAVA ROAD,2017/2018,23/02/2018 09:14:41,82.92,0.35,מדודים,גאות,נקודה פנימית
965205,57190,פארן - כביש הערבה,PARAN - ARAVA ROAD,2017/2018,23/02/2018 09:33:55,82.9,0.18,מדודים,גאות,נקודה פנימית
965206,57190,פארן - כביש הערבה,PARAN - ARAVA ROAD,2017/2018,23/02/2018 09:42:09,82.91,0.2,מדודים,גאות,נקודה פנימית
965207,57190,פארן - כביש הערבה,PARAN - ARAVA ROAD,2017/2018,23/02/2018 09:50:00,82.9,0.18,מדודים,גאות,נקודה פנימית
965208,57190,פארן - כביש הערבה,PARAN - ARAVA ROAD,2017/2018,23/02/2018 10:10:27,82.86,0.1,מדודים,גאות,נקודה פנימית
965209,57190,פארן - כביש הערבה,PARAN - ARAVA ROAD,2017/2018,23/02/2018 10:35:00,82.84,0.06,מדודים,גאות,נקודה פנימית
965210,57190,פארן - כביש הערבה,PARAN - ARAVA ROAD,2017/2018,23/02/2018 12:30:24,82.82,0.02,משוחזרים,גאות,נקודה פנימית
965211,57190,פארן - כביש הערבה,PARAN - ARAVA ROAD,2017/2018,23/02/2018 15:48:42,82.81,0,משוחזרים,גאות,נקודה פנימית
965212,57190,פארן - כביש הערבה,PARAN - ARAVA ROAD,2017/2018,23/02/2018 17:34:18,82.81,0,משוחזרים,גאות,נקודה פנימית
965213,57190,פארן - כביש הערבה,PARAN - ARAVA ROAD,2017/2018,23/02/2018 23:00:00,82.81,0,משוחזרים,גאות,נקודה פנימית
965214,57190,פארן - כביש הערבה,PARAN - ARAVA ROAD,2017/2018,01/04/2018 23:55:00,82.81,0,מדודים,תקין,סיום קטע
965215,57190,פארן - כביש הערבה,PARAN - ARAVA ROAD,2017/2018,23/04/2018 16:00:00,82.81,0,מדודים,תקין,התחלת קטע
965216,57190,פארן - כביש הערבה,PARAN - ARAVA ROAD,2017/2018,25/04/2018 15:25:00,82.81,0,מדודים,גאות,נקודה פנימית
965217,57190,פארן - כביש הערבה,PARAN - ARAVA ROAD,2017/2018,25/04/2018 16:12:32,82.83,0.04,מדודים,גאות,נקודה פנימית
965218,57190,פארן - כביש הערבה,PARAN - ARAVA ROAD,2017/2018,25/04/2018 16:45:00,83.05,3.14,מדודים,גאות,נקודה פנימית
965219,57190,פארן - כביש הערבה,PARAN - ARAVA ROAD,2017/2018,25/04/2018 16:55:00,83.05,3.14,מדודים,גאות,נקודה פנימית
965220,57190,פארן - כביש הערבה,PARAN - ARAVA ROAD,2017/2018,25/04/2018 17:00:00,83.05,3.14,מדודים,גאות,נקודה פנימית
965221,57190,פארן - כביש הערבה,PARAN - ARAVA ROAD,2017/2018,25/04/2018 17:20:00,83.06,3.5,מדודים,גאות,נקודה פנימית
965222,57190,פארן - כביש הערבה,PARAN - ARAVA ROAD,2017/2018,25/04/2018 18:00:00,83.05,3.14,מדודים,גאות,נקודה פנימית
965223,57190,פארן - כביש הערבה,PARAN - ARAVA ROAD,2017/2018,25/04/2018 18:25:00,83.05,3.14,מדודים,גאות,נקודה פנימית
965224,57190,פארן - כביש הערבה,PARAN - ARAVA ROAD,2017/2018,25/04/2018 19:05:00,83.04,2.78,מדודים,גאות,נקודה פנימית
965225,57190,פארן - כביש הערבה,PARAN - ARAVA ROAD,2017/2018,25/04/2018 19:15:00,83.04,2.78,מדודים,גאות,נקודה פנימית
965226,57190,פארן - כביש הערבה,PARAN - ARAVA ROAD,2017/2018,25/04/2018 19:25:00,83.4,30.9,מדודים,גאות,נקודה פנימית
965227,57190,פארן - כביש הערבה,PARAN - ARAVA ROAD,2017/2018,25/04/2018 19:35:00,83.66,69.8,מדודים,גאות,נקודה פנימית
965228,57190,פארן - כביש הערבה,PARAN - ARAVA ROAD,2017/2018,25/04/2018 20:15:00,83.43,35.06,מדודים,גאות,נקודה פנימית
965229,57190,פארן - כביש הערבה,PARAN - ARAVA ROAD,2017/2018,25/04/2018 20:35:00,83.33,23.2,מדודים,גאות,נקודה פנימית
965230,57190,פארן - כביש הערבה,PARAN - ARAVA ROAD,2017/2018,25/04/2018 20:50:00,83.28,18.09,מדודים,גאות,נקודה פנימית
965231,57190,פארן - כביש הערבה,PARAN - ARAVA ROAD,2017/2018,25/04/2018 22:00:00,83.15,7.7,מדודים,גאות,נקודה פנימית
965232,57190,פארן - כביש הערבה,PARAN - ARAVA ROAD,2017/2018,25/04/2018 22:25:00,83.12,5.9,מדודים,גאות,נקודה פנימית
965233,57190,פארן - כביש הערבה,PARAN - ARAVA ROAD,2017/2018,26/04/2018 00:00:00,83.04,2.78,מדודים,גאות,נקודה פנימית
965234,57190,פארן - כביש הערבה,PARAN - ARAVA ROAD,2017/2018,26/04/2018 00:05:00,83.04,2.78,מדודים,גאות,נקודה פנימית
965235,57190,פארן - כביש הערבה,PARAN - ARAVA ROAD,2017/2018,26/04/2018 00:10:00,83.04,2.78,מדודים,גאות,נקודה פנימית
965236,57190,פארן - כביש הערבה,PARAN - ARAVA ROAD,2017/2018,26/04/2018 00:35:00,83.03,2.42,מדודים,גאות,נקודה פנימית
965237,57190,פארן - כביש הערבה,PARAN - ARAVA ROAD,2017/2018,26/04/2018 00:50:00,83.03,2.42,מדודים,גאות,נקודה פנימית
965238,57190,פארן - כביש הערבה,PARAN - ARAVA ROAD,2017/2018,26/04/2018 02:00:00,82.99,1.4,מדודים,גאות,נקודה פנימית
965239,57190,פארן - כביש הערבה,PARAN - ARAVA ROAD,2017/2018,26/04/2018 02:50:00,82.98,1.25,מדודים,גאות,נקודה פנימית
965240,57190,פארן - כביש הערבה,PARAN - ARAVA ROAD,2017/2018,26/04/2018 03:35:00,82.97,1.1,מדודים,גאות,נקודה פנימית
965241,57190,פארן - כביש הערבה,PARAN - ARAVA ROAD,2017/2018,26/04/2018 04:30:00,82.95,0.8,מדודים,גאות,נקודה פנימית
965242,57190,פארן - כביש הערבה,PARAN - ARAVA ROAD,2017/2018,26/04/2018 05:15:00,82.94,0.65,מדודים,גאות,נקודה פנימית
965243,57190,פארן - כביש הערבה,PARAN - ARAVA ROAD,2017/2018,26/04/2018 05:40:00,82.93,0.5,מדודים,גאות,נקודה פנימית
965244,57190,פארן - כביש הערבה,PARAN - ARAVA ROAD,2017/2018,26/04/2018 06:35:00,82.92,0.35,מדודים,גאות,נקודה פנימית
965245,57190,פארן - כביש הערבה,PARAN - ARAVA ROAD,2017/2018,26/04/2018 07:30:00,82.91,0.2,מדודים,גאות,נקודה פנימית
965246,57190,פארן - כביש הערבה,PARAN - ARAVA ROAD,2017/2018,26/04/2018 07:55:00,82.91,0.2,מדודים,גאות,נקודה פנימית
965247,57190,פארן - כביש הערבה,PARAN - ARAVA ROAD,2017/2018,26/04/2018 09:55:00,82.88,0.14,מדודים,גאות,נקודה פנימית
965248,57190,פארן - כביש הערבה,PARAN - ARAVA ROAD,2017/2018,26/04/2018 11:25:00,82.86,0.1,מדודים,גאות,נקודה פנימית
965249,57190,פארן - כביש הערבה,PARAN - ARAVA ROAD,2017/2018,26/04/2018 11:40:00,82.86,0.1,מדודים,גאות,נקודה פנימית
965250,57190,פארן - כביש הערבה,PARAN - ARAVA ROAD,2017/2018,26/04/2018 12:45:00,82.84,0.06,מדודים,גאות,נקודה פנימית
965251,57190,פארן - כביש הערבה,PARAN - ARAVA ROAD,2017/2018,26/04/2018 13:05:00,82.84,0.06,מדודים,גאות,נקודה פנימית
965252,57190,פארן - כביש הערבה,PARAN - ARAVA ROAD,2017/2018,26/04/2018 13:50:00,82.85,0.08,מדודים,גאות,נקודה פנימית
965253,57190,פארן - כביש הערבה,PARAN - ARAVA ROAD,2017/2018,26/04/2018 18:06:42,82.83,0.04,מדודים,גאות,נקודה פנימית
965254,57190,פארן - כביש הערבה,PARAN - ARAVA ROAD,2017/2018,26/04/2018 19:02:17,82.83,0.04,מדודים,גאות,נקודה פנימית
965255,57190,פארן - כביש הערבה,PARAN - ARAVA ROAD,2017/2018,26/04/2018 19:20:00,83.93,141,מדודים,גאות,נקודה פנימית
965256,57190,פארן - כביש הערבה,PARAN - ARAVA ROAD,2017/2018,26/04/2018 19:21:09,83.99,174,מדודים,גאות,נקודה פנימית
965257,57190,פארן - כביש הערבה,PARAN - ARAVA ROAD,2017/2018,26/04/2018 19:23:48,83.95,152,מדודים,גאות,נקודה פנימית
965258,57190,פארן - כביש הערבה,PARAN - ARAVA ROAD,2017/2018,26/04/2018 19:30:48,83.9,126.2,מדודים,גאות,נקודה פנימית
965259,57190,פארן - כביש הערבה,PARAN - ARAVA ROAD,2017/2018,26/04/2018 19:38:58,83.91,130,מדודים,גאות,נקודה פנימית
965260,57190,פארן - כביש הערבה,PARAN - ARAVA ROAD,2017/2018,26/04/2018 19:46:33,83.79,89,מדודים,גאות,נקודה פנימית
965261,57190,פארן - כביש הערבה,PARAN - ARAVA ROAD,2017/2018,26/04/2018 19:52:23,83.84,103.4,מדודים,גאות,נקודה פנימית
965262,57190,פארן - כביש הערבה,PARAN - ARAVA ROAD,2017/2018,26/04/2018 19:57:39,83.82,95.8,מדודים,גאות,נקודה פנימית
965263,57190,פארן - כביש הערבה,PARAN - ARAVA ROAD,2017/2018,26/04/2018 20:03:29,83.84,103.4,מדודים,גאות,נקודה פנימית
965264,57190,פארן - כביש הערבה,PARAN - ARAVA ROAD,2017/2018,26/04/2018 20:10:00,83.8,90.5,מדודים,גאות,נקודה פנימית
965265,57190,פארן - כביש הערבה,PARAN - ARAVA ROAD,2017/2018,26/04/2018 20:20:00,83.75,83,מדודים,גאות,נקודה פנימית
965266,57190,פארן - כביש הערבה,PARAN - ARAVA ROAD,2017/2018,26/04/2018 20:26:49,83.7,75.56,מדודים,גאות,נקודה פנימית
965267,57190,פארן - כביש הערבה,PARAN - ARAVA ROAD,2017/2018,26/04/2018 20:35:00,83.68,72.68,מדודים,גאות,נקודה פנימית
965268,57190,פארן - כביש הערבה,PARAN - ARAVA ROAD,2017/2018,26/04/2018 20:40:15,83.7,75.56,מדודים,גאות,נקודה פנימית
965269,57190,פארן - כביש הערבה,PARAN - ARAVA ROAD,2017/2018,26/04/2018 20:50:10,83.62,64.04,מדודים,גאות,נקודה פנימית
965270,57190,פארן - כביש הערבה,PARAN - ARAVA ROAD,2017/2018,26/04/2018 20:57:45,83.63,65.48,מדודים,גאות,נקודה פנימית
965271,57190,פארן - כביש הערבה,PARAN - ARAVA ROAD,2017/2018,26/04/2018 21:05:20,83.59,59.54,מדודים,גאות,נקודה פנימית
965272,57190,פארן - כביש הערבה,PARAN - ARAVA ROAD,2017/2018,26/04/2018 21:10:00,83.49,44.24,מדודים,גאות,נקודה פנימית
965273,57190,פארן - כביש הערבה,PARAN - ARAVA ROAD,2017/2018,26/04/2018 21:25:11,83.47,41.18,מדודים,גאות,נקודה פנימית
965274,57190,פארן - כביש הערבה,PARAN - ARAVA ROAD,2017/2018,26/04/2018 21:35:00,83.34,24.3,מדודים,גאות,נקודה פנימית
965275,57190,פארן - כביש הערבה,PARAN - ARAVA ROAD,2017/2018,26/04/2018 21:40:56,83.39,29.8,מדודים,גאות,נקודה פנימית
965276,57190,פארן - כביש הערבה,PARAN - ARAVA ROAD,2017/2018,26/04/2018 21:47:56,83.36,26.5,מדודים,גאות,נקודה פנימית
965277,57190,פארן - כביש הערבה,PARAN - ARAVA ROAD,2017/2018,26/04/2018 21:54:56,83.36,26.5,מדודים,גאות,נקודה פנימית
965278,57190,פארן - כביש הערבה,PARAN - ARAVA ROAD,2017/2018,26/04/2018 22:01:56,83.38,28.7,מדודים,גאות,נקודה פנימית
965279,57190,פארן - כביש הערבה,PARAN - ARAVA ROAD,2017/2018,26/04/2018 22:05:00,83.34,24.3,מדודים,גאות,נקודה פנימית
965280,57190,פארן - כביש הערבה,PARAN - ARAVA ROAD,2017/2018,26/04/2018 22:14:47,83.41,32,מדודים,גאות,נקודה פנימית
965281,57190,פארן - כביש הערבה,PARAN - ARAVA ROAD,2017/2018,26/04/2018 22:17:42,83.39,29.8,מדודים,גאות,נקודה פנימית
965282,57190,פארן - כביש הערבה,PARAN - ARAVA ROAD,2017/2018,26/04/2018 22:24:07,83.46,39.65,מדודים,גאות,נקודה פנימית
965283,57190,פארן - כביש הערבה,PARAN - ARAVA ROAD,2017/2018,26/04/2018 22:28:12,83.45,38.12,מדודים,גאות,נקודה פנימית
965284,57190,פארן - כביש הערבה,PARAN - ARAVA ROAD,2017/2018,26/04/2018 22:35:00,83.51,47.3,מדודים,גאות,נקודה פנימית
965285,57190,פארן - כביש הערבה,PARAN - ARAVA ROAD,2017/2018,26/04/2018 22:43:57,83.53,50.36,מדודים,גאות,נקודה פנימית
965286,57190,פארן - כביש הערבה,PARAN - ARAVA ROAD,2017/2018,26/04/2018 22:50:00,83.51,47.3,מדודים,גאות,נקודה פנימית
965287,57190,פארן - כביש הערבה,PARAN - ARAVA ROAD,2017/2018,26/04/2018 23:00:00,83.46,39.65,מדודים,גאות,נקודה פנימית
965288,57190,פארן - כביש הערבה,PARAN - ARAVA ROAD,2017/2018,26/04/2018 23:10:48,83.45,38.12,מדודים,גאות,נקודה פנימית
965289,57190,פארן - כביש הערבה,PARAN - ARAVA ROAD,2017/2018,26/04/2018 23:18:58,83.36,26.5,מדודים,גאות,נקודה פנימית
965290,57190,פארן - כביש הערבה,PARAN - ARAVA ROAD,2017/2018,26/04/2018 23:35:00,83.27,17.12,מדודים,גאות,נקודה פנימית
965291,57190,פארן - כביש הערבה,PARAN - ARAVA ROAD,2017/2018,27/04/2018 00:13:40,83.05,3.14,מדודים,גאות,נקודה פנימית
965292,57190,פארן - כביש הערבה,PARAN - ARAVA ROAD,2017/2018,27/04/2018 00:25:00,83.07,3.86,מדודים,גאות,נקודה פנימית
965293,57190,פארן - כביש הערבה,PARAN - ARAVA ROAD,2017/2018,27/04/2018 00:51:11,82.97,1.1,מדודים,גאות,נקודה פנימית
965294,57190,פארן - כביש הערבה,PARAN - ARAVA ROAD,2017/2018,27/04/2018 01:20:00,82.94,0.65,מדודים,גאות,נקודה פנימית
965295,57190,פארן - כביש הערבה,PARAN - ARAVA ROAD,2017/2018,27/04/2018 01:25:00,82.94,0.65,מדודים,גאות,נקודה פנימית
965296,57190,פארן - כביש הערבה,PARAN - ARAVA ROAD,2017/2018,27/04/2018 02:00:00,82.92,0.35,מדודים,גאות,נקודה פנימית
965297,57190,פארן - כביש הערבה,PARAN - ARAVA ROAD,2017/2018,27/04/2018 02:30:00,82.9,0.18,מדודים,גאות,נקודה פנימית
965298,57190,פארן - כביש הערבה,PARAN - ARAVA ROAD,2017/2018,27/04/2018 02:40:00,82.9,0.18,מדודים,גאות,נקודה פנימית
965299,57190,פארן - כביש הערבה,PARAN - ARAVA ROAD,2017/2018,27/04/2018 03:50:00,82.88,0.14,מדודים,גאות,נקודה פנימית
965300,57190,פארן - כביש הערבה,PARAN - ARAVA ROAD,2017/2018,27/04/2018 05:40:00,82.86,0.1,מדודים,גאות,נקודה פנימית
965301,57190,פארן - כביש הערבה,PARAN - ARAVA ROAD,2017/2018,27/04/2018 06:30:00,82.86,0.1,מדודים,גאות,נקודה פנימית
965302,57190,פארן - כביש הערבה,PARAN - ARAVA ROAD,2017/2018,27/04/2018 07:45:00,82.87,0.12,מדודים,גאות,נקודה פנימית
965303,57190,פארן - כביש הערבה,PARAN - ARAVA ROAD,2017/2018,27/04/2018 08:55:00,82.86,0.1,מדודים,גאות,נקודה פנימית
965304,57190,פארן - כביש הערבה,PARAN - ARAVA ROAD,2017/2018,27/04/2018 10:45:00,82.84,0.06,מדודים,גאות,נקודה פנימית
965305,57190,פארן - כביש הערבה,PARAN - ARAVA ROAD,2017/2018,27/04/2018 11:15:00,82.84,0.06,מדודים,גאות,נקודה פנימית
965306,57190,פארן - כביש הערבה,PARAN - ARAVA ROAD,2017/2018,27/04/2018 11:35:00,82.84,0.06,מדודים,גאות,נקודה פנימית
965307,57190,פארן - כביש הערבה,PARAN - ARAVA ROAD,2017/2018,27/04/2018 13:35:00,82.83,0.04,מדודים,גאות,נקודה פנימית
965308,57190,פארן - כביש הערבה,PARAN - ARAVA ROAD,2017/2018,27/04/2018 14:30:00,82.81,0,מדודים,גאות,נקודה פנימית
965309,57190,פארן - כביש הערבה,PARAN - ARAVA ROAD,2017/2018,27/04/2018 14:40:00,82.81,0,מדודים,גאות,נקודה פנימית
965310,57190,פארן - כביש הערבה,PARAN - ARAVA ROAD,2017/2018,27/04/2018 16:05:00,82.82,0.02,מדודים,גאות,נקודה פנימית
965311,57190,פארן - כביש הערבה,PARAN - ARAVA ROAD,2017/2018,27/04/2018 23:12:48,82.82,0.02,מדודים,גאות,נקודה פנימית
965312,57190,פארן - כביש הערבה,PARAN - ARAVA ROAD,2017/2018,27/04/2018 23:20:00,83.05,3.14,מדודים,גאות,נקודה פנימית
965313,57190,פארן - כביש הערבה,PARAN - ARAVA ROAD,2017/2018,27/04/2018 23:25:00,83.13,6.5,מדודים,גאות,נקודה פנימית
965314,57190,פארן - כביש הערבה,PARAN - ARAVA ROAD,2017/2018,27/04/2018 23:45:00,83.06,3.5,מדודים,גאות,נקודה פנימית
965315,57190,פארן - כביש הערבה,PARAN - ARAVA ROAD,2017/2018,28/04/2018 01:05:00,82.93,0.5,מדודים,גאות,נקודה פנימית
965316,57190,פארן - כביש הערבה,PARAN - ARAVA ROAD,2017/2018,28/04/2018 01:30:00,82.89,0.16,מדודים,גאות,נקודה פנימית
965317,57190,פארן - כביש הערבה,PARAN - ARAVA ROAD,2017/2018,28/04/2018 01:50:00,82.88,0.14,מדודים,גאות,נקודה פנימית
965318,57190,פארן - כביש הערבה,PARAN - ARAVA ROAD,2017/2018,28/04/2018 02:05:00,82.86,0.1,מדודים,גאות,נקודה פנימית
965319,57190,פארן - כביש הערבה,PARAN - ARAVA ROAD,2017/2018,28/04/2018 02:50:00,83.06,3.5,מדודים,גאות,נקודה פנימית
965320,57190,פארן - כביש הערבה,PARAN - ARAVA ROAD,2017/2018,28/04/2018 03:45:00,82.97,1.1,מדודים,גאות,נקודה פנימית
965321,57190,פארן - כביש הערבה,PARAN - ARAVA ROAD,2017/2018,28/04/2018 05:15:00,82.89,0.16,מדודים,גאות,נקודה פנימית
965322,57190,פארן - כביש הערבה,PARAN - ARAVA ROAD,2017/2018,28/04/2018 05:20:00,82.88,0.14,מדודים,גאות,נקודה פנימית
965323,57190,פארן - כביש הערבה,PARAN - ARAVA ROAD,2017/2018,28/04/2018 06:50:09,82.83,0.04,משוחזרים,גאות,נקודה פנימית
965324,57190,פארן - כביש הערבה,PARAN - ARAVA ROAD,2017/2018,28/04/2018 11:14:43,82.81,0,משוחזרים,גאות,נקודה פנימית
965325,57190,פארן - כביש הערבה,PARAN - ARAVA ROAD,2017/2018,28/04/2018 23:05:00,82.81,0,משוחזרים,גאות,נקודה פנימית
965326,57190,פארן - כביש הערבה,PARAN - ARAVA ROAD,2017/2018,01/05/2018 10:25:00,82.81,0,מדודים,תקין,סיום קטע
965327,57190,פארן - כביש הערבה,PARAN - ARAVA ROAD,2017/2018,01/05/2018 10:25:00,82.81,0,מדודים,תקין,התחלת קטע
965328,57190,פארן - כביש הערבה,PARAN - ARAVA ROAD,2017/2018,01/05/2018 15:00:00,82.81,0,מדודים,תקין,נקודה פנימית
965329,57190,פארן - כביש הערבה,PARAN - ARAVA ROAD,2017/2018,02/05/2018 01:45:00,82.81,0,מדודים,גאות,נקודה פנימית
965330,57190,פארן - כביש הערבה,PARAN - ARAVA ROAD,2017/2018,02/05/2018 01:47:01,83.01,1.7,מדודים,גאות,נקודה פנימית
965331,57190,פארן - כביש הערבה,PARAN - ARAVA ROAD,2017/2018,02/05/2018 01:59:08,82.97,1.1,מדודים,גאות,נקודה פנימית
965332,57190,פארן - כביש הערבה,PARAN - ARAVA ROAD,2017/2018,02/05/2018 02:00:57,82.97,1.1,מדודים,גאות,נקודה פנימית
965333,57190,פארן - כביש הערבה,PARAN - ARAVA ROAD,2017/2018,02/05/2018 02:05:00,82.97,1.1,מדודים,גאות,נקודה פנימית
965334,57190,פארן - כביש הערבה,PARAN - ARAVA ROAD,2017/2018,02/05/2018 02:10:03,82.96,0.95,מדודים,גאות,נקודה פנימית
965335,57190,פארן - כביש הערבה,PARAN - ARAVA ROAD,2017/2018,02/05/2018 02:41:25,82.98,1.25,מדודים,גאות,נקודה פנימית
965336,57190,פארן - כביש הערבה,PARAN - ARAVA ROAD,2017/2018,02/05/2018 03:10:00,82.96,0.95,מדודים,גאות,נקודה פנימית
965337,57190,פארן - כביש הערבה,PARAN - ARAVA ROAD,2017/2018,02/05/2018 03:30:00,82.96,0.95,מדודים,גאות,נקודה פנימית
965338,57190,פארן - כביש הערבה,PARAN - ARAVA ROAD,2017/2018,02/05/2018 04:30:00,82.91,0.2,מדודים,גאות,נקודה פנימית
965339,57190,פארן - כביש הערבה,PARAN - ARAVA ROAD,2017/2018,02/05/2018 05:30:00,82.88,0.14,מדודים,גאות,נקודה פנימית
965340,57190,פארן - כביש הערבה,PARAN - ARAVA ROAD,2017/2018,02/05/2018 05:55:00,82.87,0.12,מדודים,גאות,נקודה פנימית
965341,57190,פארן - כביש הערבה,PARAN - ARAVA ROAD,2017/2018,02/05/2018 08:58:52,82.83,0.04,מדודים,גאות,נקודה פנימית
965342,57190,פארן - כביש הערבה,PARAN - ARAVA ROAD,2017/2018,02/05/2018 12:00:00,82.82,0.02,מדודים,גאות,נקודה פנימית
965343,57190,פארן - כביש הערבה,PARAN - ARAVA ROAD,2017/2018,02/05/2018 13:36:55,82.82,0.02,מדודים,גאות,נקודה פנימית
965344,57190,פארן - כביש הערבה,PARAN - ARAVA ROAD,2017/2018,02/05/2018 13:39:46,82.85,0.08,מדודים,גאות,נקודה פנימית
965345,57190,פארן - כביש הערבה,PARAN - ARAVA ROAD,2017/2018,02/05/2018 13:43:44,82.84,0.06,מדודים,גאות,נקודה פנימית
965346,57190,פארן - כביש הערבה,PARAN - ARAVA ROAD,2017/2018,02/05/2018 13:53:57,82.82,0.02,מדודים,גאות,נקודה פנימית
965347,57190,פארן - כביש הערבה,PARAN - ARAVA ROAD,2017/2018,02/05/2018 14:02:43,82.82,0.02,מדודים,גאות,נקודה פנימית
965348,57190,פארן - כביש הערבה,PARAN - ARAVA ROAD,2017/2018,02/05/2018 14:10:00,82.81,0,מדודים,גאות,נקודה פנימית
965349,57190,פארן - כביש הערבה,PARAN - ARAVA ROAD,2017/2018,02/05/2018 14:25:00,82.81,0,משוחזרים,גאות,נקודה פנימית
965350,57190,פארן - כביש הערבה,PARAN - ARAVA ROAD,2017/2018,02/05/2018 14:30:00,82.81,0,משוחזרים,גאות,נקודה פנימית
965351,57190,פארן - כביש הערבה,PARAN - ARAVA ROAD,2017/2018,02/05/2018 20:58:30,82.81,0,משוחזרים,גאות,נקודה פנימית
965352,57190,פארן - כביש הערבה,PARAN - ARAVA ROAD,2017/2018,02/05/2018 23:59:00,82.81,0,מדודים,תקין,נקודה פנימית
965353,57190,פארן - כביש הערבה,PARAN - ARAVA ROAD,2017/2018,07/05/2018 15:05:00,82.81,0,מדודים,גאות,נקודה פנימית
965354,57190,פארן - כביש הערבה,PARAN - ARAVA ROAD,2017/2018,07/05/2018 15:18:15,82.81,0,מדודים,גאות,נקודה פנימית
965355,57190,פארן - כביש הערבה,PARAN - ARAVA ROAD,2017/2018,07/05/2018 15:29:31,82.85,0.08,מדודים,גאות,נקודה פנימית
965356,57190,פארן - כביש הערבה,PARAN - ARAVA ROAD,2017/2018,07/05/2018 15:35:00,82.92,0.35,מדודים,גאות,נקודה פנימית
965357,57190,פארן - כביש הערבה,PARAN - ARAVA ROAD,2017/2018,07/05/2018 15:40:48,82.88,0.14,מדודים,גאות,נקודה פנימית
965358,57190,פארן - כביש הערבה,PARAN - ARAVA ROAD,2017/2018,07/05/2018 15:47:58,82.91,0.2,מדודים,גאות,נקודה פנימית
965359,57190,פארן - כביש הערבה,PARAN - ARAVA ROAD,2017/2018,07/05/2018 15:50:00,82.9,0.18,מדודים,גאות,נקודה פנימית
965360,57190,פארן - כביש הערבה,PARAN - ARAVA ROAD,2017/2018,07/05/2018 16:10:00,82.89,0.16,מדודים,גאות,נקודה פנימית
965361,57190,פארן - כביש הערבה,PARAN - ARAVA ROAD,2017/2018,07/05/2018 16:15:38,82.88,0.14,מדודים,גאות,נקודה פנימית
965362,57190,פארן - כביש הערבה,PARAN - ARAVA ROAD,2017/2018,07/05/2018 16:23:19,82.89,0.16,מדודים,גאות,נקודה פנימית
965363,57190,פארן - כביש הערבה,PARAN - ARAVA ROAD,2017/2018,07/05/2018 16:54:04,82.86,0.1,מדודים,גאות,נקודה פנימית
965364,57190,פארן - כביש הערבה,PARAN - ARAVA ROAD,2017/2018,07/05/2018 17:30:00,82.84,0.06,מדודים,גאות,נקודה פנימית
965365,57190,פארן - כביש הערבה,PARAN - ARAVA ROAD,2017/2018,07/05/2018 17:58:07,82.82,0.02,משוחזרים,גאות,נקודה פנימית
965366,57190,פארן - כביש הערבה,PARAN - ARAVA ROAD,2017/2018,07/05/2018 18:22:42,82.81,0,משוחזרים,גאות,נקודה פנימית
965367,57190,פארן - כביש הערבה,PARAN - ARAVA ROAD,2017/2018,07/05/2018 19:20:00,82.81,0,משוחזרים,גאות,נקודה פנימית
965368,57190,פארן - כביש הערבה,PARAN - ARAVA ROAD,2017/2018,23/07/2018 22:55:00,82.81,0,מדודים,תקין,סיום קטע
965369,57190,פארן - כביש הערבה,PARAN - ARAVA ROAD,2017/2018,15/09/2018 16:00:00,82.81,0,מדודים,תקין,התחלת קטע
965370,57190,פארן - כביש הערבה,PARAN - ARAVA ROAD,2018/2019,25/10/2018 11:10:00,82.81,0,מדודים,גאות,נקודה פנימית
965371,57190,פארן - כביש הערבה,PARAN - ARAVA ROAD,2018/2019,25/10/2018 11:25:00,82.89,0.16,מדודים,גאות,נקודה פנימית
965372,57190,פארן - כביש הערבה,PARAN - ARAVA ROAD,2018/2019,25/10/2018 11:45:00,82.87,0.12,מדודים,גאות,נקודה פנימית
965373,57190,פארן - כביש הערבה,PARAN - ARAVA ROAD,2018/2019,25/10/2018 11:45:42,82.86,0.1,מדודים,גאות,נקודה פנימית
965374,57190,פארן - כביש הערבה,PARAN - ARAVA ROAD,2018/2019,25/10/2018 12:18:15,82.85,0.08,מדודים,גאות,נקודה פנימית
965375,57190,פארן - כביש הערבה,PARAN - ARAVA ROAD,2018/2019,25/10/2018 12:31:57,82.88,0.14,מדודים,גאות,נקודה פנימית
965376,57190,פארן - כביש הערבה,PARAN - ARAVA ROAD,2018/2019,25/10/2018 12:45:39,82.88,0.14,מדודים,גאות,נקודה פנימית
965377,57190,פארן - כביש הערבה,PARAN - ARAVA ROAD,2018/2019,25/10/2018 13:10:00,82.87,0.12,מדודים,גאות,נקודה פנימית
965378,57190,פארן - כביש הערבה,PARAN - ARAVA ROAD,2018/2019,25/10/2018 14:15:00,82.85,0.08,מדודים,גאות,נקודה פנימית
965379,57190,פארן - כביש הערבה,PARAN - ARAVA ROAD,2018/2019,25/10/2018 15:00:00,82.85,0.08,מדודים,גאות,נקודה פנימית
965380,57190,פארן - כביש הערבה,PARAN - ARAVA ROAD,2018/2019,25/10/2018 15:25:00,82.84,0.06,מדודים,גאות,נקודה פנימית
965381,57190,פארן - כביש הערבה,PARAN - ARAVA ROAD,2018/2019,25/10/2018 15:55:00,82.84,0.06,מדודים,גאות,נקודה פנימית
965382,57190,פארן - כביש הערבה,PARAN - ARAVA ROAD,2018/2019,25/10/2018 16:47:10,82.83,0.04,מדודים,גאות,נקודה פנימית
965383,57190,פארן - כביש הערבה,PARAN - ARAVA ROAD,2018/2019,25/10/2018 17:20:00,82.81,0,מדודים,גאות,נקודה פנימית
965384,57190,פארן - כביש הערבה,PARAN - ARAVA ROAD,2018/2019,25/10/2018 17:29:59,82.84,0.06,מדודים,גאות,נקודה פנימית
965385,57190,פארן - כביש הערבה,PARAN - ARAVA ROAD,2018/2019,25/10/2018 17:47:07,82.82,0.02,מדודים,גאות,נקודה פנימית
965386,57190,פארן - כביש הערבה,PARAN - ARAVA ROAD,2018/2019,25/10/2018 18:04:15,82.82,0.02,מדודים,גאות,נקודה פנימית
965387,57190,פארן - כביש הערבה,PARAN - ARAVA ROAD,2018/2019,25/10/2018 19:48:44,82.82,0.02,משוחזרים,גאות,נקודה פנימית
965388,57190,פארן - כביש הערבה,PARAN - ARAVA ROAD,2018/2019,25/10/2018 21:31:30,82.81,0,משוחזרים,גאות,נקודה פנימית
965389,57190,פארן - כביש הערבה,PARAN - ARAVA ROAD,2018/2019,26/10/2018 05:45:00,82.81,0,משוחזרים,גאות,נקודה פנימית
965390,57190,פארן - כביש הערבה,PARAN - ARAVA ROAD,2018/2019,28/10/2018 12:10:00,82.81,0,מדודים,תקין,סיום קטע
965391,57190,פארן - כביש הערבה,PARAN - ARAVA ROAD,2018/2019,28/10/2018 12:10:00,82.81,0,מדודים,תקין,התחלת קטע
965392,57190,פארן - כביש הערבה,PARAN - ARAVA ROAD,2018/2019,09/11/2018 22:45:00,82.81,0,מדודים,גאות,נקודה פנימית
965393,57190,פארן - כביש הערבה,PARAN - ARAVA ROAD,2018/2019,09/11/2018 23:40:22,82.81,0,מדודים,גאות,נקודה פנימית
965394,57190,פארן - כביש הערבה,PARAN - ARAVA ROAD,2018/2019,09/11/2018 23:44:37,82.89,0.16,מדודים,גאות,נקודה פנימית
965395,57190,פארן - כביש הערבה,PARAN - ARAVA ROAD,2018/2019,09/11/2018 23:55:00,82.88,0.14,מדודים,גאות,נקודה פנימית
965396,57190,פארן - כביש הערבה,PARAN - ARAVA ROAD,2018/2019,10/11/2018 00:10:00,82.88,0.14,מדודים,גאות,נקודה פנימית
965397,57190,פארן - כביש הערבה,PARAN - ARAVA ROAD,2018/2019,10/11/2018 00:19:10,83,1.55,מדודים,גאות,נקודה פנימית
965398,57190,פארן - כביש הערבה,PARAN - ARAVA ROAD,2018/2019,10/11/2018 00:35:00,82.94,0.65,מדודים,גאות,נקודה פנימית
965399,57190,פארן - כביש הערבה,PARAN - ARAVA ROAD,2018/2019,10/11/2018 00:41:03,82.94,0.65,מדודים,גאות,נקודה פנימית
965400,57190,פארן - כביש הערבה,PARAN - ARAVA ROAD,2018/2019,10/11/2018 00:52:52,83.16,8.3,מדודים,גאות,נקודה פנימית
965401,57190,פארן - כביש הערבה,PARAN - ARAVA ROAD,2018/2019,10/11/2018 00:59:25,83.18,9.5,מדודים,גאות,נקודה פנימית
965402,57190,פארן - כביש הערבה,PARAN - ARAVA ROAD,2018/2019,10/11/2018 01:19:07,83.16,8.3,מדודים,גאות,נקודה פנימית
965403,57190,פארן - כביש הערבה,PARAN - ARAVA ROAD,2018/2019,10/11/2018 01:35:00,83.11,5.3,מדודים,גאות,נקודה פנימית
965404,57190,פארן - כביש הערבה,PARAN - ARAVA ROAD,2018/2019,10/11/2018 01:50:00,83.06,3.5,מדודים,גאות,נקודה פנימית
965405,57190,פארן - כביש הערבה,PARAN - ARAVA ROAD,2018/2019,10/11/2018 02:35:00,82.93,0.5,מדודים,גאות,נקודה פנימית
965406,57190,פארן - כביש הערבה,PARAN - ARAVA ROAD,2018/2019,10/11/2018 02:50:00,82.91,0.2,מדודים,גאות,נקודה פנימית
965407,57190,פארן - כביש הערבה,PARAN - ARAVA ROAD,2018/2019,10/11/2018 02:55:00,82.9,0.18,מדודים,גאות,נקודה פנימית
965408,57190,פארן - כביש הערבה,PARAN - ARAVA ROAD,2018/2019,10/11/2018 03:05:26,82.93,0.5,מדודים,גאות,נקודה פנימית
965409,57190,פארן - כביש הערבה,PARAN - ARAVA ROAD,2018/2019,10/11/2018 03:20:00,83.16,8.3,מדודים,גאות,נקודה פנימית
965410,57190,פארן - כביש הערבה,PARAN - ARAVA ROAD,2018/2019,10/11/2018 03:31:15,83.22,12.27,מדודים,גאות,נקודה פנימית
965411,57190,פארן - כביש הערבה,PARAN - ARAVA ROAD,2018/2019,10/11/2018 03:33:52,83.22,12.27,מדודים,גאות,נקודה פנימית
965412,57190,פארן - כביש הערבה,PARAN - ARAVA ROAD,2018/2019,10/11/2018 03:40:00,83.23,13.24,מדודים,גאות,נקודה פנימית
965413,57190,פארן - כביש הערבה,PARAN - ARAVA ROAD,2018/2019,10/11/2018 04:15:00,83.1,4.94,מדודים,גאות,נקודה פנימית
965414,57190,פארן - כביש הערבה,PARAN - ARAVA ROAD,2018/2019,10/11/2018 04:45:00,83.03,2.42,מדודים,גאות,נקודה פנימית
965415,57190,פארן - כביש הערבה,PARAN - ARAVA ROAD,2018/2019,10/11/2018 06:00:00,82.94,0.65,מדודים,גאות,נקודה פנימית
965416,57190,פארן - כביש הערבה,PARAN - ARAVA ROAD,2018/2019,10/11/2018 06:05:00,82.94,0.65,מדודים,גאות,נקודה פנימית
965417,57190,פארן - כביש הערבה,PARAN - ARAVA ROAD,2018/2019,10/11/2018 07:40:15,82.84,0.06,משוחזרים,גאות,נקודה פנימית
965418,57190,פארן - כביש הערבה,PARAN - ARAVA ROAD,2018/2019,10/11/2018 12:49:51,82.82,0.02,משוחזרים,גאות,נקודה פנימית
965419,57190,פארן - כביש הערבה,PARAN - ARAVA ROAD,2018/2019,10/11/2018 23:07:02,82.82,0.02,משוחזרים,גאות,נקודה פנימית
965420,57190,פארן - כביש הערבה,PARAN - ARAVA ROAD,2018/2019,10/11/2018 23:10:00,83,1.55,מדודים,גאות,נקודה פנימית
965421,57190,פארן - כביש הערבה,PARAN - ARAVA ROAD,2018/2019,10/11/2018 23:40:00,83.05,3.14,מדודים,גאות,נקודה פנימית
965422,57190,פארן - כביש הערבה,PARAN - ARAVA ROAD,2018/2019,10/11/2018 23:45:00,83.04,2.78,מדודים,גאות,נקודה פנימית
965423,57190,פארן - כביש הערבה,PARAN - ARAVA ROAD,2018/2019,11/11/2018 00:05:00,83.01,1.7,מדודים,גאות,נקודה פנימית
965424,57190,פארן - כביש הערבה,PARAN - ARAVA ROAD,2018/2019,11/11/2018 00:10:00,83.01,1.7,מדודים,גאות,נקודה פנימית
965425,57190,פארן - כביש הערבה,PARAN - ARAVA ROAD,2018/2019,11/11/2018 01:15:00,82.93,0.5,מדודים,גאות,נקודה פנימית
965426,57190,פארן - כביש הערבה,PARAN - ARAVA ROAD,2018/2019,11/11/2018 02:10:00,82.88,0.14,מדודים,גאות,נקודה פנימית
965427,57190,פארן - כביש הערבה,PARAN - ARAVA ROAD,2018/2019,11/11/2018 03:30:00,82.84,0.06,מדודים,גאות,נקודה פנימית
965428,57190,פארן - כביש הערבה,PARAN - ARAVA ROAD,2018/2019,11/11/2018 04:30:00,82.84,0.06,מדודים,גאות,נקודה פנימית
965429,57190,פארן - כביש הערבה,PARAN - ARAVA ROAD,2018/2019,11/11/2018 07:05:00,82.83,0.04,משוחזרים,גאות,נקודה פנימית
965430,57190,פארן - כביש הערבה,PARAN - ARAVA ROAD,2018/2019,11/11/2018 21:50:51,82.81,0,משוחזרים,גאות,נקודה פנימית
965431,57190,פארן - כביש הערבה,PARAN - ARAVA ROAD,2018/2019,12/11/2018 14:00:00,82.81,0,מדודים,תקין,נקודה פנימית
965432,57190,פארן - כביש הערבה,PARAN - ARAVA ROAD,2018/2019,15/11/2018 06:20:00,82.81,0,מדודים,גאות,נקודה פנימית
965433,57190,פארן - כביש הערבה,PARAN - ARAVA ROAD,2018/2019,15/11/2018 06:30:28,82.83,0.04,מדודים,גאות,נקודה פנימית
965434,57190,פארן - כביש הערבה,PARAN - ARAVA ROAD,2018/2019,15/11/2018 07:21:52,82.82,0.02,מדודים,גאות,נקודה פנימית
965435,57190,פארן - כביש הערבה,PARAN - ARAVA ROAD,2018/2019,15/11/2018 09:37:44,82.81,0,מדודים,גאות,נקודה פנימית
965436,57190,פארן - כביש הערבה,PARAN - ARAVA ROAD,2018/2019,15/11/2018 11:02:11,82.81,0,מדודים,גאות,נקודה פנימית
965437,57190,פארן - כביש הערבה,PARAN - ARAVA ROAD,2018/2019,15/11/2018 12:11:57,82.82,0.02,מדודים,גאות,נקודה פנימית
965438,57190,פארן - כביש הערבה,PARAN - ARAVA ROAD,2018/2019,15/11/2018 13:36:24,82.81,0,מדודים,גאות,נקודה פנימית
965439,57190,פארן - כביש הערבה,PARAN - ARAVA ROAD,2018/2019,15/11/2018 14:15:00,82.81,0,מדודים,גאות,נקודה פנימית
965440,57190,פארן - כביש הערבה,PARAN - ARAVA ROAD,2018/2019,18/11/2018 11:10:00,82.81,0,מדודים,תקין,סיום קטע
965441,57190,פארן - כביש הערבה,PARAN - ARAVA ROAD,2018/2019,18/11/2018 11:10:00,82.81,0,מדודים,תקין,התחלת קטע
965442,57190,פארן - כביש הערבה,PARAN - ARAVA ROAD,2018/2019,23/11/2018 14:50:00,82.81,0,מדודים,גאות,נקודה פנימית
965443,57190,פארן - כביש הערבה,PARAN - ARAVA ROAD,2018/2019,23/11/2018 15:12:58,82.81,0,מדודים,גאות,נקודה פנימית
965444,57190,פארן - כביש הערבה,PARAN - ARAVA ROAD,2018/2019,23/11/2018 15:24:26,82.85,0.08,מדודים,גאות,נקודה פנימית
965445,57190,פארן - כביש הערבה,PARAN - ARAVA ROAD,2018/2019,23/11/2018 15:30:00,82.85,0.08,מדודים,גאות,נקודה פנימית
965446,57190,פארן - כביש הערבה,PARAN - ARAVA ROAD,2018/2019,23/11/2018 15:35:54,82.87,0.12,מדודים,גאות,נקודה פנימית
965447,57190,פארן - כביש הערבה,PARAN - ARAVA ROAD,2018/2019,23/11/2018 16:14:43,82.86,0.1,מדודים,גאות,נקודה פנימית
965448,57190,פארן - כביש הערבה,PARAN - ARAVA ROAD,2018/2019,23/11/2018 16:38:32,82.87,0.12,מדודים,גאות,נקודה פנימית
965449,57190,פארן - כביש הערבה,PARAN - ARAVA ROAD,2018/2019,23/11/2018 16:50:00,82.87,0.12,מדודים,גאות,נקודה פנימית
965450,57190,פארן - כביש הערבה,PARAN - ARAVA ROAD,2018/2019,23/11/2018 17:00:00,82.88,0.14,מדודים,גאות,נקודה פנימית
965451,57190,פארן - כביש הערבה,PARAN - ARAVA ROAD,2018/2019,23/11/2018 17:34:06,82.86,0.1,מדודים,גאות,נקודה פנימית
965452,57190,פארן - כביש הערבה,PARAN - ARAVA ROAD,2018/2019,23/11/2018 18:41:09,82.83,0.04,משוחזרים,גאות,נקודה פנימית
965453,57190,פארן - כביש הערבה,PARAN - ARAVA ROAD,2018/2019,23/11/2018 21:37:34,82.82,0.02,משוחזרים,גאות,נקודה פנימית
965454,57190,פארן - כביש הערבה,PARAN - ARAVA ROAD,2018/2019,24/11/2018 02:25:00,82.81,0,משוחזרים,גאות,נקודה פנימית
965455,57190,פארן - כביש הערבה,PARAN - ARAVA ROAD,2018/2019,10/12/2018 09:40:00,82.81,0,מדודים,תקין,סיום קטע
965456,57190,פארן - כביש הערבה,PARAN - ARAVA ROAD,2018/2019,22/01/2019 16:00:00,82.81,0,מדודים,תקין,התחלת קטע
965457,57190,פארן - כביש הערבה,PARAN - ARAVA ROAD,2018/2019,07/02/2019 09:55:00,82.81,0,מדודים,גאות,נקודה פנימית
965458,57190,פארן - כביש הערבה,PARAN - ARAVA ROAD,2018/2019,07/02/2019 11:35:00,82.89,0.16,מדודים,גאות,נקודה פנימית
965459,57190,פארן - כביש הערבה,PARAN - ARAVA ROAD,2018/2019,07/02/2019 11:58:58,82.9,0.18,מדודים,גאות,נקודה פנימית
965460,57190,פארן - כביש הערבה,PARAN - ARAVA ROAD,2018/2019,07/02/2019 12:10:00,83.03,2.42,מדודים,גאות,נקודה פנימית
965461,57190,פארן - כביש הערבה,PARAN - ARAVA ROAD,2018/2019,07/02/2019 12:25:00,83.11,5.3,מדודים,גאות,נקודה פנימית
965462,57190,פארן - כביש הערבה,PARAN - ARAVA ROAD,2018/2019,07/02/2019 12:40:00,83.13,6.5,מדודים,גאות,נקודה פנימית
965463,57190,פארן - כביש הערבה,PARAN - ARAVA ROAD,2018/2019,07/02/2019 13:03:25,83.15,7.7,מדודים,גאות,נקודה פנימית
965464,57190,פארן - כביש הערבה,PARAN - ARAVA ROAD,2018/2019,07/02/2019 14:10:00,82.99,1.4,מדודים,גאות,נקודה פנימית
965465,57190,פארן - כביש הערבה,PARAN - ARAVA ROAD,2018/2019,07/02/2019 14:15:00,83,1.55,מדודים,גאות,נקודה פנימית
965466,57190,פארן - כביש הערבה,PARAN - ARAVA ROAD,2018/2019,07/02/2019 14:43:42,82.97,1.1,מדודים,גאות,נקודה פנימית
965467,57190,פארן - כביש הערבה,PARAN - ARAVA ROAD,2018/2019,07/02/2019 14:55:00,82.97,1.1,מדודים,גאות,נקודה פנימית
965468,57190,פארן - כביש הערבה,PARAN - ARAVA ROAD,2018/2019,07/02/2019 15:00:00,82.97,1.1,מדודים,גאות,נקודה פנימית
965469,57190,פארן - כביש הערבה,PARAN - ARAVA ROAD,2018/2019,07/02/2019 15:50:32,82.92,0.35,מדודים,גאות,נקודה פנימית
965470,57190,פארן - כביש הערבה,PARAN - ARAVA ROAD,2018/2019,07/02/2019 16:19:11,82.93,0.5,מדודים,גאות,נקודה פנימית
965471,57190,פארן - כביש הערבה,PARAN - ARAVA ROAD,2018/2019,07/02/2019 16:47:50,82.9,0.18,מדודים,גאות,נקודה פנימית
965472,57190,פארן - כביש הערבה,PARAN - ARAVA ROAD,2018/2019,07/02/2019 17:23:39,82.93,0.5,מדודים,גאות,נקודה פנימית
965473,57190,פארן - כביש הערבה,PARAN - ARAVA ROAD,2018/2019,07/02/2019 17:25:00,82.92,0.35,מדודים,גאות,נקודה פנימית
965474,57190,פארן - כביש הערבה,PARAN - ARAVA ROAD,2018/2019,07/02/2019 17:45:00,82.89,0.16,מדודים,גאות,נקודה פנימית
965475,57190,פארן - כביש הערבה,PARAN - ARAVA ROAD,2018/2019,07/02/2019 18:05:00,82.94,0.65,מדודים,גאות,נקודה פנימית
965476,57190,פארן - כביש הערבה,PARAN - ARAVA ROAD,2018/2019,07/02/2019 18:11:24,82.95,0.8,מדודים,גאות,נקודה פנימית
965477,57190,פארן - כביש הערבה,PARAN - ARAVA ROAD,2018/2019,07/02/2019 18:20:00,82.91,0.2,מדודים,גאות,נקודה פנימית
965478,57190,פארן - כביש הערבה,PARAN - ARAVA ROAD,2018/2019,07/02/2019 18:56:45,82.84,0.06,מדודים,גאות,נקודה פנימית
965479,57190,פארן - כביש הערבה,PARAN - ARAVA ROAD,2018/2019,07/02/2019 19:27:47,82.82,0.02,מדודים,גאות,נקודה פנימית
965480,57190,פארן - כביש הערבה,PARAN - ARAVA ROAD,2018/2019,07/02/2019 19:46:53,82.83,0.04,מדודים,גאות,נקודה פנימית
965481,57190,פארן - כביש הערבה,PARAN - ARAVA ROAD,2018/2019,07/02/2019 20:51:21,82.82,0.02,משוחזרים,גאות,נקודה פנימית
965482,57190,פארן - כביש הערבה,PARAN - ARAVA ROAD,2018/2019,07/02/2019 22:41:10,82.82,0.02,משוחזרים,גאות,נקודה פנימית
965483,57190,פארן - כביש הערבה,PARAN - ARAVA ROAD,2018/2019,08/02/2019 03:20:00,82.81,0,משוחזרים,גאות,נקודה פנימית
965484,57190,פארן - כביש הערבה,PARAN - ARAVA ROAD,2018/2019,20/02/2019 12:20:00,82.81,0,מדודים,תקין,סיום קטע
965485,57190,פארן - כביש הערבה,PARAN - ARAVA ROAD,2018/2019,20/02/2019 12:20:00,82.81,0,מדודים,תקין,התחלת קטע
965486,57190,פארן - כביש הערבה,PARAN - ARAVA ROAD,2018/2019,05/03/2019 21:35:00,82.81,0,מדודים,גאות,נקודה פנימית
965487,57190,פארן - כביש הערבה,PARAN - ARAVA ROAD,2018/2019,05/03/2019 21:40:00,83.12,5.9,מדודים,גאות,נקודה פנימית
965488,57190,פארן - כביש הערבה,PARAN - ARAVA ROAD,2018/2019,05/03/2019 21:51:05,83.23,13.24,מדודים,גאות,נקודה פנימית
965489,57190,פארן - כביש הערבה,PARAN - ARAVA ROAD,2018/2019,05/03/2019 22:05:00,83.26,16.15,מדודים,גאות,נקודה פנימית
965490,57190,פארן - כביש הערבה,PARAN - ARAVA ROAD,2018/2019,05/03/2019 22:10:00,83.26,16.15,מדודים,גאות,נקודה פנימית
965491,57190,פארן - כביש הערבה,PARAN - ARAVA ROAD,2018/2019,05/03/2019 22:55:00,83.24,14.21,מדודים,גאות,נקודה פנימית
965492,57190,פארן - כביש הערבה,PARAN - ARAVA ROAD,2018/2019,05/03/2019 23:30:00,83.18,9.5,מדודים,גאות,נקודה פנימית
965493,57190,פארן - כביש הערבה,PARAN - ARAVA ROAD,2018/2019,06/03/2019 00:11:45,83.13,6.5,מדודים,גאות,נקודה פנימית
965494,57190,פארן - כביש הערבה,PARAN - ARAVA ROAD,2018/2019,06/03/2019 01:00:00,83.12,5.9,מדודים,גאות,נקודה פנימית
965495,57190,פארן - כביש הערבה,PARAN - ARAVA ROAD,2018/2019,06/03/2019 01:05:00,83.16,8.3,מדודים,גאות,נקודה פנימית
965496,57190,פארן - כביש הערבה,PARAN - ARAVA ROAD,2018/2019,06/03/2019 01:15:00,83.69,74.12,מדודים,גאות,נקודה פנימית
965497,57190,פארן - כביש הערבה,PARAN - ARAVA ROAD,2018/2019,06/03/2019 01:21:13,83.83,99.6,מדודים,גאות,נקודה פנימית
965498,57190,פארן - כביש הערבה,PARAN - ARAVA ROAD,2018/2019,06/03/2019 01:30:00,83.75,83,מדודים,גאות,נקודה פנימית
965499,57190,פארן - כביש הערבה,PARAN - ARAVA ROAD,2018/2019,06/03/2019 01:39:01,83.72,78.5,מדודים,גאות,נקודה פנימית
965500,57190,פארן - כביש הערבה,PARAN - ARAVA ROAD,2018/2019,06/03/2019 01:44:11,83.74,81.5,מדודים,גאות,נקודה פנימית
965501,57190,פארן - כביש הערבה,PARAN - ARAVA ROAD,2018/2019,06/03/2019 01:52:13,83.72,78.5,מדודים,גאות,נקודה פנימית
965502,57190,פארן - כביש הערבה,PARAN - ARAVA ROAD,2018/2019,06/03/2019 02:04:51,83.82,95.8,מדודים,גאות,נקודה פנימית
965503,57190,פארן - כביש הערבה,PARAN - ARAVA ROAD,2018/2019,06/03/2019 02:25:31,83.74,81.5,מדודים,גאות,נקודה פנימית
965504,57190,פארן - כביש הערבה,PARAN - ARAVA ROAD,2018/2019,06/03/2019 02:40:00,83.71,77,מדודים,גאות,נקודה פנימית
965505,57190,פארן - כביש הערבה,PARAN - ARAVA ROAD,2018/2019,06/03/2019 02:44:28,83.69,74.12,מדודים,גאות,נקודה פנימית
965506,57190,פארן - כביש הערבה,PARAN - ARAVA ROAD,2018/2019,06/03/2019 02:51:56,83.71,77,מדודים,גאות,נקודה פנימית
965507,57190,פארן - כביש הערבה,PARAN - ARAVA ROAD,2018/2019,06/03/2019 02:54:48,83.64,66.92,מדודים,גאות,נקודה פנימית
965508,57190,פארן - כביש הערבה,PARAN - ARAVA ROAD,2018/2019,06/03/2019 03:05:00,83.68,72.68,מדודים,גאות,נקודה פנימית
965509,57190,פארן - כביש הערבה,PARAN - ARAVA ROAD,2018/2019,06/03/2019 03:15:00,83.64,66.92,מדודים,גאות,נקודה פנימית
965510,57190,פארן - כביש הערבה,PARAN - ARAVA ROAD,2018/2019,06/03/2019 03:20:00,83.68,72.68,מדודים,גאות,נקודה פנימית
965511,57190,פארן - כביש הערבה,PARAN - ARAVA ROAD,2018/2019,06/03/2019 04:05:00,83.52,48.83,מדודים,גאות,נקודה פנימית
965512,57190,פארן - כביש הערבה,PARAN - ARAVA ROAD,2018/2019,06/03/2019 04:40:00,83.49,44.24,מדודים,גאות,נקודה פנימית
965513,57190,פארן - כביש הערבה,PARAN - ARAVA ROAD,2018/2019,06/03/2019 04:55:00,83.47,41.18,מדודים,גאות,נקודה פנימית
965514,57190,פארן - כביש הערבה,PARAN - ARAVA ROAD,2018/2019,06/03/2019 05:45:00,83.42,33.53,מדודים,גאות,נקודה פנימית
965515,57190,פארן - כביש הערבה,PARAN - ARAVA ROAD,2018/2019,06/03/2019 06:25:00,83.36,26.5,מדודים,גאות,נקודה פנימית
965516,57190,פארן - כביש הערבה,PARAN - ARAVA ROAD,2018/2019,06/03/2019 06:30:00,83.36,26.5,מדודים,גאות,נקודה פנימית
965517,57190,פארן - כביש הערבה,PARAN - ARAVA ROAD,2018/2019,06/03/2019 06:45:00,83.33,23.2,מדודים,גאות,נקודה פנימית
965518,57190,פארן - כביש הערבה,PARAN - ARAVA ROAD,2018/2019,06/03/2019 08:35:00,83.24,14.21,מדודים,גאות,נקודה פנימית
965519,57190,פארן - כביש הערבה,PARAN - ARAVA ROAD,2018/2019,06/03/2019 08:55:00,83.23,13.24,מדודים,גאות,נקודה פנימית
965520,57190,פארן - כביש הערבה,PARAN - ARAVA ROAD,2018/2019,06/03/2019 09:10:00,83.22,12.27,מדודים,גאות,נקודה פנימית
965521,57190,פארן - כביש הערבה,PARAN - ARAVA ROAD,2018/2019,06/03/2019 09:15:00,83.22,12.27,מדודים,גאות,נקודה פנימית
965522,57190,פארן - כביש הערבה,PARAN - ARAVA ROAD,2018/2019,06/03/2019 10:10:00,83.18,9.5,מדודים,גאות,נקודה פנימית
965523,57190,פארן - כביש הערבה,PARAN - ARAVA ROAD,2018/2019,06/03/2019 10:30:00,83.17,8.9,מדודים,גאות,נקודה פנימית
965524,57190,פארן - כביש הערבה,PARAN - ARAVA ROAD,2018/2019,06/03/2019 10:45:00,83.16,8.3,מדודים,גאות,נקודה פנימית
965525,57190,פארן - כביש הערבה,PARAN - ARAVA ROAD,2018/2019,06/03/2019 11:45:00,83.13,6.5,מדודים,גאות,נקודה פנימית
965526,57190,פארן - כביש הערבה,PARAN - ARAVA ROAD,2018/2019,06/03/2019 12:15:00,83.12,5.9,מדודים,גאות,נקודה פנימית
965527,57190,פארן - כביש הערבה,PARAN - ARAVA ROAD,2018/2019,06/03/2019 12:50:00,83.1,4.94,מדודים,גאות,נקודה פנימית
965528,57190,פארן - כביש הערבה,PARAN - ARAVA ROAD,2018/2019,06/03/2019 13:55:00,83.08,4.22,מדודים,גאות,נקודה פנימית
965529,57190,פארן - כביש הערבה,PARAN - ARAVA ROAD,2018/2019,06/03/2019 17:21:54,82.94,0.65,משוחזרים,גאות,נקודה פנימית
965530,57190,פארן - כביש הערבה,PARAN - ARAVA ROAD,2018/2019,07/03/2019 03:10:48,82.86,0.1,משוחזרים,גאות,נקודה פנימית
965531,57190,פארן - כביש הערבה,PARAN - ARAVA ROAD,2018/2019,08/03/2019 00:10:00,82.81,0,משוחזרים,גאות,נקודה פנימית
965532,57190,פארן - כביש הערבה,PARAN - ARAVA ROAD,2018/2019,17/03/2019 11:30:00,82.81,0,מדודים,תקין,סיום קטע